url,title,release_time,agency,naver
http://www.cnews.co.kr/uhtml/read.jsp?idxno=202003311310535130966,&lt;인사&gt; ㈜흥화,2020.04.01,건설경제신문,None
http://biz.heraldcorp.com/view.php?ud=202004010719515600258_1,"&#39;77억의 사랑&#39; 홍석천X김희철X유인나X신동엽, 웃음유발 케미 빛나네",2020.04.01,헤럴드POP,네이버뉴스
http://www.newsway.co.kr/news/view?tp=1&ud=2020040108264580567,"한화큐셀, 獨 ‘생활소비재 어워드’ 태양광 부문 1등",2020.04.01,뉴스웨이,None
http://www.kpinews.co.kr/news/articleView.html?idxno=113751,"한화큐셀, 독일 생활소비재 어워드서 1등 차지",2020.04.01,한국정책신문,None
http://biz.heraldcorp.com/view.php?ud=202004010827265850858_1,"김희철X예성, 영원한 슈퍼주니어 케미..잘생김의 인간화",2020.04.01,헤럴드POP,네이버뉴스
http://www.edaily.co.kr/news/newspath.asp?newsid=01594086625731856,"한화큐셀, 獨생활소비재어워드서 태양광 분야 1위 선정",2020.04.01,이데일리,네이버뉴스
http://www.econovill.com/news/articleView.html?idxno=391600,"한화큐셀, 독일 생활소비재 어워드서 태양광 분야 1등",2020.04.01,이코노믹리뷰,None
http://www.todayenergy.kr/news/articleView.html?idxno=223738,"한화큐셀, 獨 생활소비재어워드서 1등 차지",2020.04.01,투데이에너지,None
http://www.newstomato.com/ReadNews.aspx?no=963310,"한화큐셀, 독일서 태양광 분야 1등 차지",2020.04.01,뉴스토마토,None
http://www.viva100.com/main/view.php?key=20200401010000046,"한화큐셀, 獨 &#39;생활소비재어워드&#39; 태양광 1위 선정",2020.04.01,브릿지경제,None
http://www.viva100.com/main/view.php?key=20200401010000046,"한화큐셀, 獨 &#39;생활소비재어워드&#39; 태양광 1위 선정",2020.04.01,브릿지경제,None
http://www.asiatoday.co.kr/view.php?key=20200401010000084,"한화큐셀, 독일 생활소비재 어워드 태양광 부문 1등",2020.04.01,아시아투데이,None
https://www.news1.kr/articles/?3892616,"한화큐셀, 독일 생활소비재 어워드서 종합 1위 차지",2020.04.01,뉴스1,네이버뉴스
https://www.asiatime.co.kr/news/newsview.php?ncode=1065569684871718,"한화큐셀, ‘독일 소비재 어워드’ 태양광 부문 1위",2020.04.01,아시아타임즈,None
http://www.ebn.co.kr/news/view/1422310/?sc=naver,"한화큐셀, 독일 &#39;생활소비재 어워드 1위&#39; 선정",2020.04.01,EBN,None
https://view.asiae.co.kr/article/2020040109110517018,"한화큐셀, 독일 생활소비재 어워드서 1등",2020.04.01,아시아경제,네이버뉴스
http://www.wowtv.co.kr/NewsCenter/News/Read?articleId=A202004010550&t=NN,"한화큐셀, 독일 생활소비재 어워드서 &#39;태양광 1위&#39;...&quot;연구개발 결실&quot;",2020.04.01,한국경제TV,네이버뉴스
http://www.greened.kr/news/articleView.html?idxno=244973,"한화큐셀, &#39;독일 생활소비재 어워드&#39; 태양광 분야 1위 수상",2020.04.01,녹색경제신문,None
http://www.metroseoul.co.kr/article/20200401500015,"한화큐셀, 독일 생활소비재 어워드서 &#39;태양광 분야 1위&#39; 쾌거",2020.04.01,메트로신문,None
https://biz.chosun.com/site/data/html_dir/2020/04/01/2020040101256.html?utm_source=naver&utm_medium=original&utm_campaign=biz,"한화큐셀, 독일 &#39;생활소비재 어워드&#39; 태양광 분야 1위",2020.04.01,조선비즈,네이버뉴스
http://www.etoday.co.kr/news/section/newsview.php?idxno=1878121,"한화큐셀, 독일 생활소비재 어워드 태양광 분야 1위",2020.04.01,이투데이,None
http://www.newsis.com/view/?id=NISX20200401_0000978095&cID=13001&pID=13000,"한화큐셀, 獨 생활소비재 어워드서 태양광 1등 차지",2020.04.01,뉴시스,네이버뉴스
http://www.seoulfn.com/news/articleView.html?idxno=377482,"한화큐셀, 독일 생활소비재 어워드 태양광 분야 1위",2020.04.01,서울파이낸스,None
https://sports.donga.com/article/all/20200401/100443591/1,"‘맛남의 광장’ 송가인→김희철, 현실 남매 버금가는 잔소리 폭격",2020.04.01,스포츠동아,네이버뉴스
https://www.newsen.com/news_view.php?uid=202004010933430410,"‘맛남의 광장’ 겨울동 비빔밥 특급 레시피 공개, 송가인 손맛 봄동요리까지",2020.04.01,뉴스엔,네이버뉴스
http://www.xportsnews.com/?ac=article_view&entry_id=1253569,"&#39;맛남의 광장&#39; 김희철X송가인, 웃음 유발 현실 남매 케미…잔소리 폭격",2020.04.01,엑스포츠뉴스,네이버뉴스
http://biz.heraldcorp.com/view.php?ud=202004010937546311375_1,"&#39;맛남의 광장&#39; 송가인, 김희철과 현실 남매 케미+야무진 손맛으로 진도 봄동 요리 뚝딱",2020.04.01,헤럴드POP,네이버뉴스
http://sports.khan.co.kr/news/sk_index.html?art_id=202004010944003&sec_id=540201&pt=nv,"‘맛남의 광장’ 김희철X송가인, ‘웃음 유발’투닥투닥 현실 남매 케미 [채널예약]",2020.04.01,스포츠경향,네이버뉴스
http://star.mk.co.kr/new/view.php?mc=ST&year=2020&no=336858,"‘맛남의 광장’ 김희철X송가인, 투닥투닥 현실 남매 케미",2020.04.01,매일경제,네이버뉴스
http://www.gukjenews.com/news/articleView.html?idxno=1266203,"태백시, 타 지역 유입 학생 관리 강화",2020.04.01,국제뉴스,None
http://www.gukjenews.com/news/articleView.html?idxno=1266203,"태백시, 타 지역 유입 학생 관리 강화",2020.04.01,국제뉴스,None
http://www.mydaily.co.kr/new_yk/html/read.php?newsid=202004010943434591&ext=na,"&#39;맛남의 광장&#39; 송가인, 김희철에 &quot;밥도 맛없게 비벼&quot; 티격태격…폭소",2020.04.01,마이데일리,네이버뉴스
http://www.hankookilbo.com/news/npath/202004010949713371?did=NA,"‘맛남의 광장’ 송가인, 손맛 더해진 진도 봄동 요리 공개",2020.04.01,한국일보,네이버뉴스
http://moneys.mt.co.kr/news/mwView.php?no=2020040109528040615,"한화큐셀, 독일 생활소비재 어워드서 1등 수상",2020.04.01,머니S,네이버뉴스
http://www.slist.kr/news/articleView.html?idxno=146329,"&#39;맛남의 광장&#39; 김희철X송가인, 현실남매 케미UP...&#39;겨울동 비빔밥&#39; 레시피 공개",2020.04.01,싱글리스트,None
http://www.dt.co.kr/contents.html?article_no=2020040102109932064002&ref=naver,"한화큐셀, 독일 생활소비재 어워드 태양광분야 1위",2020.04.01,디지털타임스,네이버뉴스
http://www.sporbiz.co.kr/news/articleView.html?idxno=427003,"‘맛남의 광장’ 김희철 X 송가인, ‘웃음 유발’ 투닥투닥 현실 남매 케미",2020.04.01,한스경제,None
http://news.heraldcorp.com/view.php?ud=20200401000198,한화큐셀 태양광 브랜드 ‘獨 소비자 대상’ 수상,2020.04.01,헤럴드경제,네이버뉴스
https://tenasia.hankyung.com/tv/article/2020040168994,"&#39;맛남의 광장&#39; 송가인, 손맛 더한 진도 봄동 요리…솜씨도 &#39;일품&#39;",2020.04.01,텐아시아,네이버뉴스
http://www.inews24.com/view/1254597,"한화큐셀, 독일 생활소비재 어워드서 1등 차지",2020.04.01,아이뉴스24,네이버뉴스
http://www.m-i.kr/news/articleView.html?idxno=697436,"한화큐셀, 독일 생활소비재 어워드서 1등 차지",2020.04.01,매일일보,None
https://www.tvreport.co.kr/2037381,‘맛남의광장’ 송가인 발 잔소리→김희철 “내가 동생이었다면 엄청 혼났을 것”,2020.04.01,TV리포트,네이버뉴스
http://www.dizzotv.com/site/data/html_dir/2020/04/01/2020040180054.html,"한화큐셀, 독일 생활소비재 어워드서 태양광 분야 1등",2020.04.01,디지틀조선TV,None
http://www.wikileaks-kr.org/news/articleView.html?idxno=82152,"한화큐셀, &#39;독일 생활소비재 어워드&#39; 태양광 분야 1위",2020.04.01,위키리크스한국,None
http://www.g-enews.com/ko-kr/news/article/news_all/2020040110154496351e71ea687c_1/article.html,한화큐셀 ‘독일 생활소비재 어워드’ 태양광 분야서 1등 차지,2020.04.01,글로벌이코노믹,None
http://stoo.asiae.co.kr/article.php?aid=63328616618,"&#39;맛남의 광장&#39; 김희철X송가인, 현실 남매 같은 케미 &#39;투닥투닥&#39; [TV스포]",2020.04.01,스포츠투데이,None
http://news.mt.co.kr/mtview.php?no=2020040109283171362,"한화큐셀, 독일 생활소비재 어워드 &#39;태양광분야 1위&#39;",2020.04.01,머니투데이,네이버뉴스
https://www.dailian.co.kr/news/view/880251?sc=Naver,"한화큐셀, 獨 생활소비재 어워드 1위…&#39;태양광이 효자&#39;",2020.04.01,데일리안,네이버뉴스
http://www.stardailynews.co.kr/news/articleView.html?idxno=268280,"&#39;맛남의 광장&#39; 김희철-송가인,투닥투닥 현실 남매 케미 &#39;송가인의 잔소리 폭격?!&#39;",2020.04.01,스타데일리뉴스,None
http://www.fntimes.com/html/view.php?ud=20200401103655733555469ec131_18,"한화큐셀, 독일 생활소비재 어워드 태양광 1등",2020.04.01,한국금융신문,None
http://www.newsworks.co.kr/news/articleView.html?idxno=444719,"한화큐셀, 독일 &#39;생활소비재 어워드&#39; 태양광 분야 1위",2020.04.01,뉴스웍스,None
https://www.sedaily.com/NewsView/1Z1B0PG4GX,"한화큐셀, 독일 소비재 어워드서 &#39;태양광 1위&#39;··· &quot;연구개발 성과&quot;",2020.04.01,서울경제,네이버뉴스
http://www.gukjenews.com/news/articleView.html?idxno=1266297,"정선군, 기후변화 대응 고품질 과실생산 도우미 &#39;꽃가루 은행&#39; 운영",2020.04.01,국제뉴스,None
http://www.ceoscoredaily.com/news/article.html?no=67962,"한화큐셀, 독일 생활소비재 어워드 태양광 분야 1등 쾌거",2020.04.01,CEO스코어데일리,None
http://www.paxetv.com/news/articleView.html?idxno=89385,"한화큐셀, 독일소비자들이 선호하는 태양광 브랜드 &#39;11개&#39; 중 &#39;1등&#39; 차지",2020.04.01,팍스경제TV,None
http://www.industrynews.co.kr/news/articleView.html?idxno=37596,"한화큐셀, 독일 소비자가 뽑은 &#39;1등&#39; 태양광 브랜드",2020.04.01,인더스트리뉴스,None
http://news.heraldcorp.com/view.php?ud=20200401000559,"한화큐셀, 獨 소비재 태양광 분야 1위",2020.04.01,헤럴드경제,네이버뉴스
http://www.gukjenews.com/news/articleView.html?idxno=1266377,"영월군, 포도 자동방제 시설 보급",2020.04.01,국제뉴스,None
http://tvdaily.asiae.co.kr/read.php3?aid=15857098401534467019,"&#39;맛남의 광장&#39; 김희철·송가인, 투닥투닥 현실 남매 케미 [T-데이]",2020.04.01,티브이데일리,None
http://www.newspim.com/news/view/20200401000659,"한화큐셀, 독일 &#39;생활소비재 어워드&#39; 태양광 분야 1위",2020.04.01,뉴스핌,None
http://www.daejonilbo.com/news/newsitem.asp?pk_no=1416745,"한화큐셀, 독일소비자를 사로잡다",2020.04.01,대전일보,None
http://www.newsprime.co.kr/news/article.html?no=499517,"한화큐셀, 독일 &#39;생활소비재 어워드&#39; 태양광분야 1등 차지",2020.04.01,프라임경제,None
http://www.etnews.com/20200401000191,"한화큐셀, 유럽 태양광 시장서 질주",2020.04.01,전자신문,네이버뉴스
https://www.paxnetnews.com/articles/59029,"한화큐셀, 독일 생활소비재 어워드 태양광 분야 1위",2020.04.01,팍스넷뉴스,None
https://www.huffingtonpost.kr/entry/kim-heecheol-donation_kr_5e83de22c5b6a1bb764f7712?utm_id=naver,김희철이 익명으로 기부해 놓고 다시 &quot;내가 했다&quot;고 밝힌 이유는 악플이었다 (영상),2020.04.01,허프포스트코리아,None
http://www.osen.co.kr/article/G1111332058,"&#39;맛남의광장&#39; 김희철, 송가인 잔소리에 &quot;동생이면 엄청 혼났을 것&quot; 폭소",2020.04.01,OSEN,네이버뉴스
http://www.mediapen.com/news/view/513709,"한화큐셀, 독일 생활소비재 어워드서 1등 수상",2020.04.01,미디어펜,None
https://www.hankyung.com/economy/article/202004018299i,"한화큐셀, 독일 생활소비재 어워드서 태양광 1등",2020.04.01,한국경제,네이버뉴스
http://www.techholic.co.kr/news/articleView.html?idxno=190223,"한화큐셀, 독일 생활소비재 어워드서 1등",2020.04.01,테크홀릭,None
http://www.wikitree.co.kr/articles/519478,많은 이에게 사랑 받았던 故 설리 반려묘 근황 전해졌다,2020.04.01,위키트리,None
http://sports.chosun.com/news/ntype.htm?id=202004010100014220000576&servicedate=20200401,"&#39;맛남의광장&#39; 김희철X송가인, 환상의 티키타카→현실남매 케미",2020.04.01,스포츠조선,네이버뉴스
http://www.shinailbo.co.kr/news/articleView.html?idxno=1265784,"한화큐셀, 獨 생활소비재 어워드서 태양광 분야 1위",2020.04.01,신아일보,None
http://news.mtn.co.kr/newscenter/news_viewer.mtn?gidx=2020040115520160422,"한화큐셀, 독일 생활소비재 어워드 &#39;1등&#39;",2020.04.01,MTN,None
http://news.kbiz.or.kr/news/articleView.html?idxno=65841,"한화큐셀, &#39;독일 생활소비재 어워드&#39; 태양광 분야 1등 수상",2020.04.01,중소기업뉴스,None
http://www.dt.co.kr/contents.html?article_no=2020040202151132064001&ref=naver,"한화큐셀, 獨생활소비재 어워드 태양광 1위",2020.04.01,디지털타임스,네이버뉴스
http://daily.hankooki.com/lpage/industry/202004/dh20200401185426148380.htm,"한화큐셀, 독일 &#39;생활소비재 어워드&#39; 태양광 부문 1등",2020.04.01,데일리한국,None
http://www.cctoday.co.kr/news/articleView.html?idxno=2061808,친환경으로 獨소비자 사로잡은 한화큐셀,2020.04.01,충청투데이,None
http://www.newsinside.kr/news/articleView.html?idxno=1070897,"&#39;맛남의 광장&#39; 송가인, 진도 봄동 요리 자처..특급 레시피 공개..노래→야무진 손맛 인증",2020.04.01,뉴스인사이드,None
http://www.e2news.com/news/articleView.html?idxno=221231,"한화큐셀, 독일 생활소비재 어워드 1등 수상",2020.04.01,이투뉴스,None
http://www.siminilbo.co.kr/news/newsview.php?ncode=1065610377919701,&#39;♥김희철&#39; 트와이스 모모 &quot;심심해서 사진 찾아봐서 예전에 찍었던 거 올려보기... (2)&quot;,2020.04.02,시민일보,None
http://news.bbsi.co.kr/news/articleView.html?idxno=980907,민주당 보수텃밭 경북서 4~5곳 교두보 확보?...구미·포항·안동·칠곡 &#39;우세&#39; 꼽아,2020.04.02,BBS NEWS,None
http://www.segye.com/content/html/2020/04/01/20200401523347.html?OutUrl=naver,"한화큐셀, 獨 생활소비재 어워드 ‘태양광 1위’",2020.04.02,세계일보,네이버뉴스
http://www.thebell.co.kr/front/free/contents/news/article_view.asp?key=202003311622562520106760,[더벨]정치인 대거 포진된 금호산업 사외이사진,2020.04.02,더벨,None
http://sports.chosun.com/news/ntype.htm?id=202004030100019460000900&servicedate=20200402,&#39;맛남의 광장&#39; 백종원 &quot;매번 맛있는 음식 먹을 수 있다&quot; 송가인 향한 러브콜,2020.04.02,스포츠조선,네이버뉴스
https://www.newsen.com/news_view.php?uid=202004020934138010,‘맛남’ 백종원 “맛있는 음식 먹을 수 있다” 송가인 향한 고정멤버 러브콜,2020.04.02,뉴스엔,네이버뉴스
http://tvdaily.asiae.co.kr/read.php3?aid=15857879671534637019,"백종원, 송가인에 &#39;맛남의 광장&#39; 러브콜…&quot;매번 맛있는 거 먹을 수 있다&quot;",2020.04.02,티브이데일리,None
https://sports.donga.com/article/all/20200402/100463737/1,"‘맛남의 광장’ 백종원, 송가인 고정 멤버 러브콜",2020.04.02,스포츠동아,네이버뉴스
http://www.xportsnews.com/?ac=article_view&entry_id=1253969,"&#39;맛남의 광장&#39; 백종원, 송가인에 러브콜 &quot;매번 맛있는 음식 먹을 수 있어&quot;",2020.04.02,엑스포츠뉴스,네이버뉴스
http://www.kukinews.com/news/article.html?no=771206,"한화큐셀, 독일 생활소비재 어워드서 1등…11개 브랜드 중 ‘톱’",2020.04.02,쿠키뉴스,None
http://www.constimes.co.kr/news/articleView.html?idxno=212228,&lt;인사&gt;㈜흥화,2020.04.02,건설타임즈,None
http://sbsfune.sbs.co.kr/news/news_content.jsp?article_id=E10009868808&plink=ORI&cooper=NAVER,"&quot;매번 맛있는 음식 먹을 수 있다&quot;…&#39;맛남&#39; 백종원, 송가인에 고정멤버 제안",2020.04.02,SBS funE,네이버뉴스
http://star.mt.co.kr/stview.php?no=2020040209414773524,"&quot;매번 맛있는 음식&quot;..&#39;맛남의광장&#39; 백종원, 송가인에 러브콜",2020.04.02,스타뉴스,네이버뉴스
http://www.gukjenews.com/news/articleView.html?idxno=1266966,"태백시, 아동양육 한시지원사업 &#39;아동돌봄쿠폰&#39; 신청 접수",2020.04.02,국제뉴스,None
http://www.gukjenews.com/news/articleView.html?idxno=1266971,원주 시내버스업체 태창운수 휴업 결정,2020.04.02,국제뉴스,None
https://tenasia.hankyung.com/tv/article/2020040200594,"&#39;맛남의 광장&#39; 백종원, 송가인에 고정 멤버 제안 &quot;매번 맛있는 음식 먹을 수 있다&quot;",2020.04.02,텐아시아,네이버뉴스
http://sports.khan.co.kr/news/sk_index.html?art_id=202004020956003&sec_id=540201&pt=nv,"‘맛남�� 광장’ 송가인×농벤져스, 미식회에서 펼친 깜짝 디너쇼(?) [채널예약]",2020.04.02,스포츠경향,네이버뉴스
http://stoo.asiae.co.kr/article.php?aid=63371036783,"&#39;맛남의 광장&#39; 백종원, 송가인에 고정 제안 &quot;맛있는 음식 먹을 수 있어&quot; [TV스포]",2020.04.02,스포츠투데이,None
http://www.hankookilbo.com/news/npath/202004021070373515?did=NA,"‘맛남의 광장’ 백종원, 송가인에 고정 멤버 러브콜…왜?",2020.04.02,한국일보,네이버뉴스
http://www.osen.co.kr/article/G1111332433,"&quot;매번 맛있는 음식 먹을 수 있다&quot; &#39;맛남의 광장&#39; 백종원, 송가인에 고정멤버 러브콜",2020.04.02,OSEN,네이버뉴스
http://www.slist.kr/news/articleView.html?idxno=146613,"&#39;맛남의 광장&#39; 백종원, 송가인 고정멤버 러브콜...김희철 &quot;굶어 죽을 일 없다&quot;",2020.04.02,싱글리스트,None
http://www.dailysportshankook.co.kr/news/articleView.html?idxno=221875,"맛남의 광장 대파국 레시피? 송가인 나이? 맛남의 광장, 송가인 손맛 더한 진도 봄동 요리...김희철과 투닥 현실 남매 케미",2020.04.02,데일리스포츠한국,None
http://www.stardailynews.co.kr/news/articleView.html?idxno=268350,"백종원, &quot;매번 맛있는 음식 먹을 수 있다&quot; 송가인 향한 &#39;맛남의 광장&#39; 고정 멤버 러브콜",2020.04.02,스타데일리뉴스,None
http://www.topstarnews.net/news/articleView.html?idxno=754078,"&quot;서민 코스프레 아니냐&quot; &#39;이십세기 힛트쏭&#39; 김민아, 스페이스 에이에게 선넘는 질문",2020.04.02,톱스타뉴스,None
http://biz.heraldcorp.com/view.php?ud=202004021215041433198_1,"[투데이TV]&#39;맛남의 광장&#39; 백종원, 송가인 향한 러브콜 &quot;매번 맛있는 음식 먹을 수 있다&quot;",2020.04.02,헤럴드POP,네이버뉴스
http://enews.imbc.com/News/RetrieveNewsInfo/279879,[단독] &#39;아는형님&#39;X&#39;미스터트롯&#39; 7인 전원 출연 확정,2020.04.02,MBC연예,네이버뉴스
http://www.inven.co.kr/webzine/news/?news=236412&iskin=esports,"[영상 인터뷰] 자본주의가 낳은 카트황제, 문호준 TMI 인터뷰",2020.04.02,인벤,네이버뉴스
http://www.gukjenews.com/news/articleView.html?idxno=1267126,"정선군, 민원창구 22개소에 투명 가림막 설치",2020.04.02,국제뉴스,None
http://sports.chosun.com/news/ntype.htm?id=202004020100025060001253&servicedate=20200402,"&#39;맛남의광장&#39; 백종원, 송가인에 고정 러브콜 &quot;매번 맛있는 음식 먹을 수 있어&quot;",2020.04.02,스포츠조선,네이버뉴스
http://www.topdaily.kr/news/articleView.html?idxno=65705,"&#39;맛남의 광장&#39; 송가인, &#39;엄마 아리랑&#39;으로 깜짝 디너쇼",2020.04.02,톱데일리,None
http://www.newsinside.kr/news/articleView.html?idxno=1070969,&#39;아는형님&#39; 임영웅→장민호 &#39;미스터트롯&#39; TOP7 전원 출연 확정,2020.04.02,뉴스인사이드,None
http://star.mk.co.kr/new/view.php?mc=ST&year=2020&no=345479,"‘맛남의 광장’ 백종원, 송가인에 ‘고정 멤버’ 러브콜...김희철 지원사격",2020.04.02,매일경제,네이버뉴스
http://www.sportsseoul.com/news/read/901451?ref=naver,"정일영 후보, 출정식과 합동 유세로 선거운동 첫걸음",2020.04.02,스포츠서울,네이버뉴스
http://news.kmib.co.kr/article/view.asp?arcid=0014437095&code=61141211&cp=nv,"벽산, 특별관계자 지분변동",2020.04.02,국민일보,네이버뉴스
http://woman.chosun.com/client/news/viw.asp?cate=C01&mcate=M1004&nNewsNumb=20200465384,임영웅X송가인 황금 라인업 ‘아는 형님’ 뜬다,2020.04.02,여성조선,None
http://www.electimes.com/article.php?aid=1585795817196630097,"한화큐셀, 지역별 맞춤 전략 통해 세계 태양광 시장 선도",2020.04.02,전기신문,None
http://www.newsinside.kr/news/articleView.html?idxno=1070986,"&#39;맛남의 광장&#39; 백종원, 송가인에 고정 멤버 권유..김희철도 적극적 구애..그녀의 선택은?",2020.04.02,뉴스인사이드,None
http://mksports.co.kr/view/2020/346513/,"`맛남의 광장`백종원, 송가인에 러브콜 보낸 이유는? [MK★TV컷]",2020.04.02,MK스포츠,네이버뉴스
http://www.mhns.co.kr/news/articleView.html?idxno=404886,"&#39;맛남의 광장&#39;, &#39;봄동&#39;은 겨울제철 채소...&#39;겨울동&#39;으로 불러야",2020.04.02,문화뉴스,None
http://www.theceluv.com/article.php?aid=1585832400315552010,"&#39;맛남의 광장&#39; 백종원, 송가인에 고정 멤버 러브콜 &quot;맛있는 음식 먹을 수 있어&quot;",2020.04.02,더셀럽,None
http://www.anewsa.com/detail.php?number=2096451&thread=07,"&#39;아는형님&#39; 송가인부터 임영웅까지, 방송일 언제?",2020.04.02,아시아뉴스통신,None
http://biz.heraldcorp.com/view.php?ud=202004022055273259158_1,"&#39;맛남의 광장&#39; 김동준, 두 번째 메뉴로 &#39;봄동 코울슬로&#39;... 역시 &#39;식초동준&#39;",2020.04.02,헤럴드POP,네이버뉴스
http://sbsfune.sbs.co.kr/news/news_content.jsp?article_id=E10009869837&plink=ORI&cooper=NAVER,"&#39;맛남의 광장&#39; 송가인 &#39;봄동 샐러드&#39; 먹방…&quot;달짝지근, 로메인 보다 식감 좋아&quot;",2020.04.02,SBS funE,네이버뉴스
https://www.newsen.com/news_view.php?uid=202004022239391710,"‘맛남’ 백종원 “봄동은 봄 아닌 겨울이 제철, 겨울동으로 기억”",2020.04.02,뉴스엔,네이버뉴스
https://www.news1.kr/articles/?3895064,"&#39;맛남의 광장&#39; 김동준, 봄동 코울슬로 내놨다…송가인 먹방에 &quot;고마워&quot;",2020.04.02,뉴스1,네이버뉴스
http://www.topstarnews.net/news/articleView.html?idxno=754650,"&#39;맛남의 광장&#39; 송가인, 겨울이 제철인 백종원의 &#39;봄동나물과 비빔밥&#39; 김동준의 &#39;봄동 코울슬로&#39; 먹고 &#39;3따봉&#39; (1)",2020.04.02,톱스타뉴스,None
https://www.hankyung.com/entertainment/article/202004022401I,"&#39;맛남의 광장&#39; 송가인, 김동준의 &#39;봄동 코울슬로&#39; 엄지척",2020.04.02,한국경제,네이버뉴스
http://www.osen.co.kr/article/G1111332854,&#39;맛남의 광장&#39; 송가인도 푹 빠진 &#39;샐러드-코울슬로-비빔밥&#39; 봄동 삼총사 [종합],2020.04.02,OSEN,네이버뉴스
http://www.topstarnews.net/news/articleView.html?idxno=754659,"&#39;맛남의 광장&#39; 김희철, 백종원 아바타로 봄동 비빔밥 만들기 송가인의 맛없게 비빈다에도 놀라운 맛…&#39;봄동 제육덮밥&#39;까지 &#39;미식회 메뉴 완성&#39; (2)",2020.04.02,톱스타뉴스,None
http://sbsfune.sbs.co.kr/news/news_content.jsp?article_id=E10009869838&plink=ORI&cooper=NAVER,"&#39;맛남의 광장&#39; 송가인, 김희철과 &#39;봄동 비빔밥&#39; 신경전 &quot;장인은 도구 탓 안 해&quot;",2020.04.02,SBS funE,네이버뉴스
http://tvdaily.asiae.co.kr/read.php3?aid=15858362591534789019,"&#39;맛남의 광장&#39; 김희철, 야무진 송가인에 &quot;좋아하는 가수 목록에 추가&quot;",2020.04.02,티브이데일리,None
http://www.topstarnews.net/news/articleView.html?idxno=754662,"[종합] &#39;맛남의 광장&#39; 송가인, 백종원X김동준의 봄동 비빔밥-샌드위치 요리에 감탄하고…오후 미식회에서 &#39;깜짝 디너쇼&#39;",2020.04.02,톱스타뉴스,None
http://www.etoday.co.kr/news/section/newsview.php?idxno=1879178,엄현경 예능 대표작은 해피투게더 “악플? 김희철 키스신 이후 엄청났다”,2020.04.02,이투데이,None
http://kpenews.com/View.aspx?No=799057,"&#39;해피투게더&#39; 엄현경, 악플 고충 “김희철 키스신 이후 충격”",2020.04.02,한국정경신문,None
http://sports.chosun.com/news/ntype.htm?id=202004030100027630001387&servicedate=20200402,"[종합]&quot;자주 와라&quot;…&#39;맛남의 광장&#39; 백종원, 송가인에 러브콜→깜짝 런치쇼",2020.04.02,스포츠조선,네이버뉴스
http://www.xportsnews.com/?ac=article_view&entry_id=1254253,"&quot;겨울동이어라&quot;…&#39;맛남의 광장&#39; 송가인→김희철, 깜짝 런치쇼 [종합]",2020.04.02,엑스포츠뉴스,네이버뉴스
http://sbsfune.sbs.co.kr/news/news_content.jsp?article_id=E10009869839&plink=ORI&cooper=NAVER,[스브스夜] &#39;맛남의 광장&#39; 진도 봄동 농가 위한 미식회…&quot;이렇게 먹을 줄은&quot; 호평일색,2020.04.02,SBS funE,네이버뉴스
http://stoo.asiae.co.kr/article.php?aid=63398892004,"&#39;맛남의광장&#39; 백종원, 대파 제육볶음에 반한 송가인에 고정출연 권유 [TV캡처]",2020.04.02,스포츠투데이,None
http://www.slist.kr/news/articleView.html?idxno=146796,"희철 동준 세형, 송가인과 &#39;엄마 아리랑&#39; 즉석 공연(맛남의 광장)",2020.04.02,싱글리스트,None
http://biz.heraldcorp.com/view.php?ud=202004022055423264160_1,[종합] &#39;맛남의 광장&#39; 송가인과 함께한 농벤져스의 &#39;봄동이어라&#39;,2020.04.02,헤럴드POP,네이버뉴스
http://www.mydaily.co.kr/new_yk/html/read.php?newsid=202004022328332301&ext=na,"&#39;맛남의 광장&#39; 송가인, &quot;비비는 것도 맛없게…최악&quot; 김희철과 티격태격 케미",2020.04.03,마이데일리,네이버뉴스
http://www.topstarnews.net/news/articleView.html?idxno=754694,"&#39;맛남의 광장&#39; 송가인, 소름끼치는 &#39;칠갑산&#39; 라이브에 뜨거운 반응",2020.04.03,톱스타뉴스,None
http://www.kmaeil.com/news/articleView.html?idxno=217130,"정일영 후보, 출정식과 합동 유세로 선거운동 첫걸음",2020.04.03,경인매일,None
https://www.newsen.com/news_view.php?uid=202004030546041710,"송가인과 농벤져스 봄동 런치쇼, 백종원 웃다가 눈물까지 ‘맛남’ [어제TV]",2020.04.03,뉴스엔,네이버뉴스
https://www.newsen.com/news_view.php?uid=202004030544541710,"송가인 “김희철 비빔밥 맛없게 비벼, 최악” 현실남매 케미폭발 ‘맛남’ [결정적장면]",2020.04.03,뉴스엔,네이버뉴스
http://www.newsinside.kr/news/articleView.html?idxno=1071025,"&#39;맛남의 광장&#39; 송가인-김희철, 투닥 케미..&quot;진짜 최악&quot; &quot;참 맛없게도 퍼간다&quot;",2020.04.03,뉴스인사이드,None
http://biz.heraldcorp.com/view.php?ud=202004022055533273464_1,"[어게인TV] &#39;맛남의 광장&#39; 송가인, 출구 없는 매력... 역시 &#39;송블리&#39;",2020.04.03,헤럴드POP,네이버뉴스
http://tvdaily.asiae.co.kr/read.php3?aid=15858630001534794019,"&#39;맛남의 광장&#39; 송가인X농벤져스 깜짝 런치쇼, 농민 가족 화기애애 [TV온에어]",2020.04.03,티브이데일리,None
http://www.mydaily.co.kr/new_yk/html/read.php?newsid=202004030011365901&ext=na,"&#39;맛남의 광장&#39; 송가인, 백종원X김희철의 &#39;원픽&#39;…&quot;스케줄 조정해서 자주 오길&quot; [MD리뷰]",2020.04.03,마이데일리,네이버뉴스
http://sports.chosun.com/news/ntype.htm?id=202004040100027870001401&servicedate=20200403,"&quot;자주와&quot;…&#39;맛남의 광장&#39; 송가인X농벤져스, &#39;깜짝 런치쇼&#39; 또 기대할게요 [종합]",2020.04.03,스포츠조선,네이버뉴스
http://www.osen.co.kr/article/G1111332871,"‘맛남의 광장’ 송가인, 먹방→런치쇼…대파‧봄동 일품 &#39;진도의 딸&#39;이어라 [어저께TV]",2020.04.03,OSEN,네이버뉴스
http://www.xportsnews.com/?ac=article_view&entry_id=1254258,"&#39;맛남의 광장&#39; 송가인, 찐팬 위해 애교·깜짝 런치쇼…&quot;자주 와라&quot; [전일야화]",2020.04.03,엑스포츠뉴스,네이버뉴스
http://biz.heraldcorp.com/view.php?ud=202004030722113930468_1,"&#39;이십세기 힛트쏭&#39; 김희철X김민아, 길보드 소개..&#39;탑골 화사&#39; 게스트 등장",2020.04.03,헤럴드POP,네이버뉴스
http://www.wowtv.co.kr/NewsCenter/News/Read?articleId=A202004030033&t=NN,"‘이십세기 힛-트쏭’, X세대 리어카 완판 레전드 1위는?",2020.04.03,한국경제TV,네이버뉴스
http://www.spotvnews.co.kr/?mod=news&act=articleView&idxno=351759,"&#39;맛남의 광장&#39; 송가인, 김동준 봄동 코울슬로에 반했다 &quot;진짜 맛있어&quot;[TV핫샷]",2020.04.03,스포티비뉴스,네이버뉴스
http://www.xportsnews.com/?ac=article_view&entry_id=1254279,"&#39;이십세기 힛-트쏭&#39;, 음소거 힌트에 김희철도 못 맞힌 히트송 공개 ",2020.04.03,엑스포츠뉴스,네이버뉴스
http://biz.heraldcorp.com/view.php?ud=202004030734493982440_1,"&#39;맛남의 광장&#39; 김동준, 봄동 코울슬로 도전..송가인 시식 후 &#39;엄지 척&#39;",2020.04.03,헤럴드POP,네이버뉴스
http://www.wowtv.co.kr/NewsCenter/News/Read?articleId=A202004030039&t=NN,"&#39;맛남의 광장&#39; 김동준, ‘별 다섯 개’ 봄동 코울슬로 개발 &#39;백종원 PICK 2관왕’",2020.04.03,한국경제TV,네이버뉴스
http://www.mydaily.co.kr/new_yk/html/read.php?newsid=202004030739769313&ext=na,"&#39;맛남의 광장&#39; 김동준, 봄동 코울슬로 개발 &#39;백종원 픽 2관왕&#39;",2020.04.03,마이데일리,네이버뉴스
http://www.osen.co.kr/article/G1111332911,"&#39;맛남의광장&#39; 김동준, 봄동 코울슬로 개발..두번째 메뉴 등극",2020.04.03,OSEN,네이버뉴스
http://www.xportsnews.com/?ac=article_view&entry_id=1254284,"&#39;맛남의 광장&#39; 김동준, &#39;별 다섯개&#39; 봄동 코울슬로 개발 &#39;백종원 PICK&#39;",2020.04.03,엑스포츠뉴스,네이버뉴스
https://www.hankyung.com/entertainment/article/202004032646I,"&#39;맛남의 광장&#39; 김동준, 백종원·송가인도 인정한 &#39;별 다섯개&#39; 봄동 코울슬로",2020.04.03,한국경제,네이버뉴스
http://www.theceluv.com/article.php?aid=1585867472315672010,"&#39;맛남의 광장&#39; 백종원, 김동준표 봄동 코울슬로에 &quot;시저 샐러드보다 낫다&quot;",2020.04.03,더셀럽,None
http://www.osen.co.kr/article/G1111332870,"&quot;별이 다섯 개&quot;…&#39;맛남의 광장&#39; 송가인, &#39;진도의 딸&#39; 추천 &#39;봄동&#39; 신메뉴 [종합]",2020.04.03,OSEN,네이버뉴스
http://starin.edaily.co.kr/news/newspath.asp?newsid=01111926625732512,"&#39;맛남의 광장&#39; 백종원, 송가인 &quot;자주 와라&quot; 러브콜…봄동 신메뉴 완성",2020.04.03,이데일리,네이버뉴스
http://www.mydaily.co.kr/new_yk/html/read.php?newsid=202004030801169205&ext=na,"김희철, 김민아 깜짝 19금 발언에 &#39;당황&#39; (&#39;이십세기 힛트쏭&#39;)",2020.04.03,마이데일리,네이버뉴스
https://tenasia.hankyung.com/tv/article/2020040327084,"&#39;맛남의 광장&#39; 김동준, 봄동 코울슬로 개발…송가인 &quot;별이 다섯 개!&quot;",2020.04.03,텐아시아,네이버뉴스
https://sports.donga.com/article/all/20200403/100482206/1,"‘맛남의 광장’ 김동준, 봄동 코울슬로 개발…송가인 “별이 5개” 엄지 척",2020.04.03,스포츠동아,네이버뉴스
http://sports.khan.co.kr/news/sk_index.html?art_id=202004030827003&sec_id=540201&pt=nv,"‘맛남의광장’ 김동준, 봄동 코울슬로로 극찬…송가인도 극찬 [간밤TV]",2020.04.03,스포츠경향,네이버뉴스
http://www.topstarnews.net/news/articleView.html?idxno=754773,"&#39;맛남의 광장&#39; 송가인, 볼 콕+하트 포즈까지 팬서비스도 &#39;특급&#39; ",2020.04.03,톱스타뉴스,None
http://sports.chosun.com/news/ntype.htm?id=202004040100028190001446&servicedate=20200403,"[SC리뷰] &quot;최적의 게스트&quot;…&#39;맛남의광장&#39; 송가인, 백종원 사로잡은 일당백 &#39;만능캐&#39;",2020.04.03,스포츠조선,네이버뉴스
http://www.slist.kr/news/articleView.html?idxno=146846,"&#39;맛남의광장&#39; 김동준, 송가인에 &#39;★다섯개&#39;...봄동 코울슬로 개발",2020.04.03,싱글리스트,None
http://sports.khan.co.kr/news/sk_index.html?art_id=202004030831003&sec_id=540101&pt=nv,"“자주 와라”…‘맛남의 광장’ 백종원, 먹방 요정 송가인에 러브콜 [간밤TV]",2020.04.03,스포츠경향,네이버뉴스
http://www.joynews24.com/view/1255235,"&#39;맛남의 광장&#39; 김동준, 봄동 코울슬로 개발→백종원 &quot;미식회 메뉴&quot; 극찬",2020.04.03,조이뉴스24,None
http://star.mt.co.kr/stview.php?no=2020040308363432295,"&#39;맛남의 광장&#39; 김동준, 봄동 코울슬로 개발 &#39;백종원 픽 2관왕&#39;",2020.04.03,스타뉴스,네이버뉴스
http://star.mk.co.kr/new/view.php?mc=ST&year=2020&no=347088,"`맛남의 광장` 김동준, 봄동 코울슬로 개발 `백종원 PICK 2관왕’",2020.04.03,매일경제,네이버뉴스
http://www.sportsseoul.com/news/read/901538?ref=naver,&#39;이십세기 힛-트쏭&#39; 김희철 열광 시킨 &#39;탑골 화사&#39;는 누구?,2020.04.03,스포츠서울,네이버뉴스
http://www.newsworks.co.kr/news/articleView.html?idxno=445424,&#39;이십세기 힛-트쏭&#39; 김희철·김민아 4차원 매력… &#39;탑골 화사&#39; 게스트 누구?,2020.04.03,뉴스웍스,None
http://thetravelnews.co.kr/04/251141/,KBS Joy 예능프로그램 X세대 리어카 완판 레전드 1위는 무엇?… ‘길보드 힛-트쏭’ TOP10,2020.04.03,여행레저신문,None
http://www.wikitree.co.kr/articles/520209,"&#39;맛남의 광장&#39; 하차 선언했던 김희철, 결국 “진짜 최악이야” 소리 듣고 말았다 (영상)",2020.04.03,위키트리,None
http://tvdaily.asiae.co.kr/read.php3?aid=15858724231534799019,&#39;이십세기 힛트쏭&#39; 마마무 화사 닮은 탑골 가수는 누구? [T-데이],2020.04.03,티브이데일리,None
http://sbsfune.sbs.co.kr/news/news_content.jsp?article_id=E10009869843&plink=ORI&cooper=NAVER,"&#39;맛남&#39; 김동준, 백종원 극찬 받은 봄동 코울슬로…송가인도 &quot;별이 다섯개&quot;",2020.04.03,SBS funE,네이버뉴스
http://www.fnnews.com/news/202004030920300937,"‘이십세기 힛-트쏭’, 길보드 완판 ‘레전드 1위’는?",2020.04.03,파이낸셜뉴스,네이버뉴스
http://www.marketnews.co.kr/news/articleView.html?idxno=43116,"&#39;이십세기 힛-트쏭&#39;, X세대 리어카 완판 레전드 &#39;길보드 힛-트쏭&#39; 소환",2020.04.03,마켓뉴스,None
https://www.ytn.co.kr/_sn/0117_202004030929295835,"&quot;알맞은 게스트&quot;...&#39;맛남의 광장&#39; 송가인, 백종원 극찬한 전천후 활약",2020.04.03,YTN,네이버뉴스
https://nc.asiae.co.kr/view.htm?idxno=2020040309130154278,&#39;맛남의광장&#39; 송가인 감탄한 봄동 샐러드…역시 백종원,2020.04.03,뉴스컬처,None
http://biz.heraldcorp.com/view.php?ud=202004030838204303741_1,"[팝업TV]&quot;밥 맛없게 비벼, 최악&quot; &#39;맛남의 광장&#39; 송가인, 김희철에 돌직구..&#39;현실남매 케미&#39;",2020.04.03,헤럴드POP,네이버뉴스
http://www.sportsworldi.com/content/html/2020/04/03/20200403506439.html,"‘맛남의 광장’ 김동준, 송가인도 인정한 봄동 코울슬로 “별이 다섯 개” [TV핫스팟]",2020.04.03,스포츠월드,네이버뉴스
http://enter.etoday.co.kr/view/news_view.php?varAtcId=177628,"김동준, ‘별 다섯개’ 봄동 코울슬로 개발 &#39;백종원 PICK 2관왕’",2020.04.03,비즈엔터,None
http://mksports.co.kr/view/2020/347469/,"‘맛남의 광장’ 김동준, 봄동 코울슬로 개발→백종원 PICK 2관왕 [MK★TV뷰]",2020.04.03,MK스포츠,네이버뉴스
http://www.interview365.com/news/articleView.html?idxno=92867,"&#39;이십세기 힛-트쏭&#39;, 김희철 열광시킨 &#39;X세대 추억&#39; 소환",2020.04.03,인터뷰365,None
http://www.namdonews.com/news/articleView.html?idxno=566427,"&#39;이십세기 힛-트쏭&#39;, 서태지와 아이들 &#39;하여가&#39; 누른 가요톱텐 1위 수상곡은?",2020.04.03,남도일보,None
http://www.hankookilbo.com/news/npath/202004030980712650?did=NA,"‘맛남의 광장’ 김동준, 식욕 뿜뿜 봄동 코울슬로 개발...백종원 픽 2관왕 달성",2020.04.03,한국일보,네이버뉴스
http://www.xportsnews.com/?ac=article_view&entry_id=1254340,&#39;맛남의 광장&#39; 봄동 미식회 大성공…송가인 활약→백종원 &quot;자주 와&quot; [엑&#39;s 리뷰],2020.04.03,엑스포츠뉴스,네이버뉴스
http://mbn.mk.co.kr/pages/news/newsView.php?category=mbn00012&news_seq_no=4108853,&#39;맛남의 광장&#39; 김동준 &#39;봄동 코울슬로에 백종원 &quot;미식회 메뉴급&quot;,2020.04.03,MBN,네이버뉴스
http://www.topstarnews.net/news/articleView.html?idxno=754862,&quot;햄버거 먹다 만들었다&quot; 김동준 &#39;봄동 코울슬로&#39;…트로트여신도 극찬,2020.04.03,톱스타뉴스,None
http://www.dailysportshankook.co.kr/news/articleView.html?idxno=221934,"서태지♥이은성 나이? 미운 우리 새끼, 김희철 과거 영상 보다 이은성에 &quot;형수님&quot;",2020.04.03,데일리스포츠한국,None
http://star.mk.co.kr/new/view.php?mc=ST&year=2020&no=347943,"‘맛남의 광장’ 백종원, 송가인에 러브콜 “자주 와라”",2020.04.03,매일경제,네이버뉴스
http://www.gukjenews.com/news/articleView.html?idxno=1267678,"태백시, 실업급여수급자 대상 긴급생활안정지원금 신청 접수",2020.04.03,국제뉴스,None
http://star.mbn.co.kr/view.php?year=2020&no=348034&refer=portal,"‘맛남의 광장’ 김동준, 봄동 코울슬로 개발 `백종원 픽 2관왕’",2020.04.03,MBN,네이버뉴스
http://www.gukjenews.com/news/articleView.html?idxno=1267694,정선아리랑 뮤지컬 퍼포먼스 &#39;아리 아라리&#39; 공연 잠정 연기,2020.04.03,국제뉴스,None
http://www.gukjenews.com/news/articleView.html?idxno=1267743,송가인 노래에 반한 백종원?,2020.04.03,국제뉴스,None
http://news.tf.co.kr/read/economy/1788246.htm,"&#39;오너 3세&#39; 한화솔루션 이사진 합류, 김동관 부사장이 가져올 기대감",2020.04.03,더팩트,네이버뉴스
http://star.mk.co.kr/new/view.php?mc=ST&year=2020&no=349381,정준하 “연예계 은퇴설? 김희철 덕분”(허지웅쇼),2020.04.03,매일경제,네이버뉴스
http://sports.chosun.com/news/ntype.htm?id=202004040100031420001696&servicedate=20200403,"‘허지웅쇼’ 정준하 “‘무도’ 멤버들과 사이 안 좋다는 박명수 말, 마음 불편했다”",2020.04.03,스포츠조선,네이버뉴스
http://www.edaily.co.kr/news/newspath.asp?newsid=02797846625732512,&quot;이낙연에 힘 보탠다&quot;… 정대철 등 동교동계 원로들 민주당 복당,2020.04.03,이데일리,네이버뉴스
https://news.joins.com/article/olink/23341266,"권노갑·정대철 등 동교동계 원로, 민주당 복귀 “이낙연 지원할 것”",2020.04.03,중앙일보,네이버뉴스
http://www.breaknews.com/722512,권노갑-정대철 등 13인 친 동교동계 인사들 &#39;민주당 복귀&#39;,2020.04.03,브레이크뉴스,None
http://yna.kr/AKR20200403116400001?did=1195m,[총선 D-12] 동교동계 정대철·권노갑 &quot;민주당 복귀…총선 힘보탤것&quot;,2020.04.03,연합뉴스,네이버뉴스
http://www.gukjenews.com/news/articleView.html?idxno=1267865,"태백시, 5G 재난안전 드론 기증식 개최",2020.04.03,국제뉴스,None
http://www.ajunews.com/view/20200403160622696,동교동계 정대철·권노갑 &quot;민주당 복귀…총선 힘보탤것&quot;,2020.04.03,아주경제,None
http://www.topstarnews.net/news/articleView.html?idxno=755200,"김희철, &quot;제일 예쁘게 생겼다&quot; 칭찬에 &#39;감동&#39;→이어진 반전은?",2020.04.03,톱스타뉴스,None
https://news.chosun.com/site/data/html_dir/2020/04/03/2020040303266.html?utm_source=naver&utm_medium=original&utm_campaign=news,동교동계 정대철·권노갑 &quot;민주당 복귀… 총선 힘보탤 것&quot;,2020.04.03,조선일보,네이버뉴스
https://sports.donga.com/article/all/20200403/100490882/1,"‘이십세기 힛-트쏭’ 김희철 열광, 탑골 화사 게스트 출격",2020.04.03,스포츠동아,네이버뉴스
https://www.news1.kr/articles/?3895990,세번째 불화설?…정준하 &quot;불편해&quot; 박명수 &quot;무도 굉장히 안좋다&quot;,2020.04.03,뉴스1,네이버뉴스
http://moneys.mt.co.kr/news/mwView.php?no=2020040316118088460,"동교동계 권노갑·정대철, 민주당 복귀… 이낙연 힘 싣는다",2020.04.03,머니S,네이버뉴스
https://www.hankyung.com/politics/article/2020040343967,동교동계 원로 정대철·권노갑 &quot;4년 만에 민주당 복귀&quot;,2020.04.03,한국경제,네이버뉴스
http://www.shinailbo.co.kr/news/articleView.html?idxno=1266594,[총선 D-12] 권노갑·정대철 등 &#39;동교동계 원로&#39; 14명 민주당 복귀,2020.04.03,신아일보,None
https://biz.chosun.com/site/data/html_dir/2020/04/03/2020040303428.html?utm_source=naver&utm_medium=original&utm_campaign=biz,동교동계 권노갑 정대철 민주당 복귀…&quot;이낙연 지원&quot;,2020.04.03,조선비즈,네이버뉴스
http://www.newsis.com/view/?id=NISX20200403_0000982169&cID=10899&pID=10800,"박지원 후보 지원한 권노갑 고문, 돌연 민주당 복귀선언 배경 `관심&#39;",2020.04.03,뉴시스,네이버뉴스
http://www.newsis.com/view/?id=NISX20200403_0000982070&cID=10301&pID=10300,"권노갑·정대철 등 동교동계, 민주당 복당 선언…&quot;힘 보탤 때&quot;",2020.04.03,뉴시스,네이버뉴스
http://biz.newdaily.co.kr/site/data/html/2020/04/03/2020040300200.html,"한화큐셀, 독일 생활소비재 어워드 &#39;태양광 1등&#39;",2020.04.03,뉴데일리,None
http://www.sportsworldi.com/content/html/2020/04/03/20200403517620.html,"‘허지웅쇼’ 정준하, 연예계 은퇴설 언급 “김희철이 말하고 다녀”",2020.04.03,스포츠월드,네이버뉴스
https://view.asiae.co.kr/article/2020040318070168983,"&#39;동교동계&#39; 정대철·권노갑, 민주당 복당신청…이낙연 지지활동",2020.04.03,아시아경제,네이버뉴스
http://www.ilyosisa.co.kr/news/articleView.html?idxno=216458,"김민아, 김희철에게 패기 발언…&quot;SM 사재기 안해요?&quot;",2020.04.04,일요시사,None
http://www.sportsseoul.com/news/read/901741?ref=naver,&#39;이십세기 힛-트쏭&#39; 영턱스클럽 깜짝 출연…김희철X김민아 흥 발산,2020.04.04,스포츠서울,네이버뉴스
http://www.mydaily.co.kr/new_yk/html/read.php?newsid=202004040829864761&ext=na,"&#39;이십세기 힛-트쏭&#39; 영턱스클럽 깜짝 출연, 김희철X김민아 흥 발산…",2020.04.04,마이데일리,네이버뉴스
http://biz.heraldcorp.com/view.php?ud=202004040833087668128_1,"&#39;이십세기 힛트쏭&#39; 김희철X김민아, 김수희→영턱스클럽 소환..그 시절 아련한 향수 자극",2020.04.04,헤럴드POP,네이버뉴스
http://www.slist.kr/news/articleView.html?idxno=147135,"&#39;이십세기 힛트쏭&#39;, 영턱스클럽 깜짝 등장...&#39;타인&#39; 라이브 무대 선사",2020.04.04,싱글리스트,None
http://www.topstarnews.net/news/articleView.html?idxno=755523,"송가인, 김희철-양세형-김동준의 음악 선생님?…&quot;음정이 안 맞아&quot;",2020.04.04,톱스타뉴스,None
http://sports.chosun.com/news/ntype.htm?id=202004050100033620001850&servicedate=20200404,"유재석, 4월 예능 방송인 브랜드평판 1위…2위 이광수·3위 박나래",2020.04.04,스포츠조선,네이버뉴스
http://www.kjdaily.com/read.php3?aid=1585959224506080208,"유재석, 예능방송인 4월 브랜드평판 1위",2020.04.04,광주매일신문,None
https://www.tvreport.co.kr/2037704,"유재석, 예능 방송인 브랜드평판 1위…2위 이광수·3위 박나래",2020.04.04,TV리포트,네이버뉴스
http://www.osen.co.kr/article/G1111333385,"&#39;이십세기 힛트쏭&#39; 영턱스클럽 한현남, &quot;탑골 화사? 점 위치도 똑같다&quot;",2020.04.04,OSEN,네이버뉴스
http://www.slist.kr/news/articleView.html?idxno=147147,"유재석, 이광수·박나래 제치고 4월 예능인 브랜드평판 1위",2020.04.04,싱글리스트,None
http://www.futurekorea.co.kr/news/articleView.html?idxno=131369,"[브랜드평판] 예능 방송인 브랜드 2020년 4월 빅데이터 분석결과...1위 유재석, 2위 이광수, 3위 박나래",2020.04.04,미래한국,None
http://www.osen.co.kr/article/G1111333402,"유재석, 4월 예능 방송인 브랜드평판도 1위..이광수 2위⋅박나래 3위",2020.04.04,OSEN,네이버뉴스
http://www.newskr.kr/news/articleView.html?idxno=40889,"[ 빅데이터분석 ] 예능 방송인 2020년 4월 브랜드평판...1위 유재석, 2위 이광수, 3위 박나래",2020.04.04,한국농어촌방송,None
http://mksports.co.kr/view/2020/351335/,"유재석, 예능 방송인 브랜드평판 1위…2위는 이광수",2020.04.04,MK스포츠,네이버뉴스
http://www.dailysportshankook.co.kr/news/articleView.html?idxno=221974,"슬리피 생활고 이유? &#39;미운 우리 새끼&#39; 이상민, 이사 앞두고 &#39;냉장고 파먹기&#39; 슬리피X김희철 초대",2020.04.04,데일리스포츠한국,None
http://www.thebigdata.co.kr/view.php?ud=20200404095039730907d270612f_23,"예능 방송인 브랜드평판 4월 빅데이터 분석 1위는 유재석.. 2위 이광수, 3위 박나래 順",2020.04.04,빅데이터뉴스,None
http://star.mk.co.kr/new/view.php?mc=ST&year=2020&no=351389,"유재석, 예능방송인 브랜드평판 1위…이광수 2위·박나래 3위",2020.04.04,매일경제,네이버뉴스
http://star.mbn.co.kr/view.php?year=2020&no=351416&refer=portal,"유재석, 4월 예능 방송인 브랜드평판 1위…2위 이광수·3위 박나래",2020.04.04,MBN,네이버뉴스
http://www.newsinside.kr/news/articleView.html?idxno=1071138,"유재석, 예능·방송인 3월 브랜드평판 1위..이광수 2위, 박나래 3위",2020.04.04,뉴스인사이드,None
http://www.newstomato.com/ReadNews.aspx?no=964160,‘이십세기 힛-트쏭’ 영턱스클럽 깜짝 출연…&#39;8090 음악&#39; 소환,2020.04.04,뉴스토마토,None
https://sports.donga.com/article/all/20200404/100497438/2,"‘이십세기 힛-트쏭’ 영턱스클럽 깜짝 출연, 김희철X김민아 흥 발산",2020.04.04,스포츠동아,네이버뉴스
http://biz.heraldcorp.com/view.php?ud=202004041057218071822_1,"&#39;미우새&#39; 김희철→탁재훈, 역대급 아들의 총집합 현장 공개..웃음 폭탄 예고",2020.04.04,헤럴드POP,네이버뉴스
https://www.newsen.com/news_view.php?uid=202004041057392410,"‘미우새’ 아들들 총집합, 아수라장 된 집들이 현장",2020.04.04,뉴스엔,네이버뉴스
http://www.slist.kr/news/articleView.html?idxno=147168,"&#39;미우새&#39; 김희철X김종국X이상민X탁재훈, 아들 총집합...위기일발?",2020.04.04,싱글리스트,None
http://sports.chosun.com/news/ntype.htm?id=202004050100034260001890&servicedate=20200404,"&#39;미우새&#39; 임원희→막내 김희철, 최초 아들들 총집합→&#39;핵폭탄급&#39; 웃음 예고(ft.탁재훈)",2020.04.04,스포츠조선,네이버뉴스
http://www.osen.co.kr/article/G1111333430,&#39;미우새&#39; 임원희→탁재훈까지..이상민 집들이서 모인다[Oh!쎈 예고],2020.04.04,OSEN,네이버뉴스
https://www.tvreport.co.kr/2037710,"&#39;미우새&#39; 아들들 김종국→김희철, 이상민 새집 집들이 나서다",2020.04.04,TV리포트,네이버뉴스
https://sports.donga.com/article/all/20200404/100497503/2,‘미운우리새끼’ 김희철x김종국 등 ‘미우새’ 아들 종합 세트로 웃음 선사! (feat. 탁재훈),2020.04.04,스포츠동아,네이버뉴스
http://www.breaknews.com/722647,"유재석, 4월 예능 방송인 브랜드 1위 등극..2위 이광수-3위 박나래 ‘관심↑’",2020.04.04,브레이크뉴스,None
http://www.hankookilbo.com/news/npath/202004041167040343?did=NA,‘미운 우리 새끼’ 사상 최초 ‘미우새’ 아들 총집합 현장 공개!,2020.04.04,한국일보,네이버뉴스
http://www.xportsnews.com/?ac=article_view&entry_id=1254698,"&#39;미우새&#39; 김종국→김희철, 이상민 집들이 위해 아들들 총집합(feat. 탁재훈)",2020.04.04,엑스포츠뉴스,네이버뉴스
http://www.beyondpost.co.kr/view.php?ud=20200404122200112446a9e4dd7f_30,"유재석, 예능 방송인 브랜드평판 4월 ...1위",2020.04.04,비욘드포스트,None
http://www.marketnews.co.kr/news/articleView.html?idxno=43135,"&#39;이십세기 힛-트쏭&#39;, &#39;길보드 차트&#39;로 그 시절 향수 자극…김수희부터 영턱스클럽까지",2020.04.04,마켓뉴스,None
https://view.asiae.co.kr/article/2020040413225807624,정동극장 &#39;적벽&#39; 최종 취소 결정…8일 유튜브 생중계로 대체,2020.04.04,아시아경제,네이버뉴스
http://stoo.asiae.co.kr/article.php?aid=63431599035,"4월 예능 방송인 브랜드평판, 1위 유재석·2위 이광수·3위 박나래",2020.04.04,스포츠투데이,None
http://yna.kr/AKR20200404041200005?did=1195m,정동극장 &#39;적벽&#39;도 코로나19에 취소…8일 무관중 온라인 생중계,2020.04.04,연합뉴스,네이버뉴스
http://www.mediapen.com/news/view/514524,"유재석, 예능방송인 브랜드평판 1위…이광수·박나래 2·3위",2020.04.04,미디어펜,None
http://www.theceluv.com/article.php?aid=1585976920315842002,"예능 방송인 브랜드평판 2020년 4월 순위 ‘1위 유재석’, 이광수→박나래→김성주",2020.04.04,더셀럽,None
http://www.edaily.co.kr/news/newspath.asp?newsid=01590806625732840,정동극장 &#39;적벽&#39; 결국 취소…8일 온라인 생중계,2020.04.04,이데일리,네이버뉴스
http://www.sportsworldi.com/content/html/2020/04/04/20200404508866.html,"‘이십세기 힛-트쏭’ 영턱스클럽 한현남 “화사 닮았다고, 점 위치도 같아”",2020.04.04,스포츠월드,네이버뉴스
http://news.heraldcorp.com/view.php?ud=20200404000059,"종교·공연계, 예배·공연 온라인으로 대체",2020.04.04,헤럴드경제,네이버뉴스
https://tenasia.hankyung.com/tvten/article/2020040454904,"&#39;미우새&#39; 사상 최초, 출연 아들 총집합…종합 세트로 웃음 저격 (feat. 탁재훈)",2020.04.04,텐아시아,네이버뉴스
http://www.sisaon.co.kr/news/articleView.html?idxno=111289,"정동극장, &#39;2020 레퍼토리&#39; ＜적벽＞공연 전면 취소… 무관중 온라인 생중계 진행",2020.04.04,시사오늘,None
http://isplus.live.joins.com/news/article/article.asp?total_id=23747145,&#39;미우새&#39; 김종국·김희철·박수홍·이상민·임원희·탁재훈 싹 모였다,2020.04.04,일간스포츠,네이버뉴스
http://www.fnnews.com/news/202004041450303164,‘이십세기 힛-트쏭’ 길보드 차트 장악한 그 시절 힛트쏭...영턱스클럽 깜짝 출연,2020.04.04,파이낸셜뉴스,네이버뉴스
http://www.interview365.com/news/articleView.html?idxno=92906,"&#39;이십세기 힛-트쏭&#39;, 그 시절 국민가요로 &#39;추억 소환 완료&#39;",2020.04.04,인터뷰365,None
http://www.namdonews.com/news/articleView.html?idxno=566501,"&#39;이십세기 힛-트쏭&#39;,영턱스클럽 출연...&#39;리어카 완판 레전드&#39; 힛트쏭 소환",2020.04.04,남도일보,None
http://www.sportsseoul.com/news/read/901886?ref=naver,정동극장 &#39;적벽&#39; 코로나19로 전면 취소,2020.04.04,스포츠서울,네이버뉴스
http://www.dt.co.kr/contents.html?article_no=2020040402109919666001&ref=naver,"코로나 19 덕(?)에 정동극장 `적벽`, 오는 8일 무관중 온라인 생중계",2020.04.04,디지털타임스,네이버뉴스
http://www.kukinews.com/news/article.html?no=772410,정동극장 ‘적벽’ 코로나19에 취소…8일 무관중 온라인 생중계,2020.04.04,쿠키뉴스,None
http://sports.hankooki.com/lpage/life/202004/sp20200404160802136830.htm,정동극장 ‘적벽’…8일 무관중 온라인 생중계,2020.04.04,스포츠한국,None
http://stoo.asiae.co.kr/article.php?aid=63433126121,"&#39;적벽&#39; 코로나19 여파로 공연 취소, 무관중 온라인 생중계 진행 [공식입장]",2020.04.04,스포츠투데이,None
https://www.news2day.co.kr/150555,[김희철의 전쟁사 (32)] 25만 여명 사상자를 유발시킨 펀치볼(해안분지) 전투들의 교훈,2020.04.04,뉴스투데이,None
http://ilyo.co.kr/?ac=article_view&entry_id=366278,"&#39;아는형님&#39; 강호동, 조권 폭로에 진땀 &quot;슬옹이가 유독 힘들어했어&quot;",2020.04.04,일요신문,None
http://isplus.live.joins.com/news/article/article.asp?total_id=23747246,우영X조권 &quot;예능서 눈에 띄는 후배=송민호·피오&quot; (아는 형님),2020.04.04,일간스포츠,네이버뉴스
http://isplus.live.joins.com/news/article/article.asp?total_id=23747249,"우영, 2PM &#39;우리집&#39; 역주행 언급→퍼포먼스 &#39;감탄&#39; (아는 형님)",2020.04.04,일간스포츠,네이버뉴스
http://sports.chosun.com/news/ntype.htm?id=202004050100036530002086&servicedate=20200404,"&#39;아형&#39; &#39;원조 예능돌&#39; 조권-우영X&#39;신흥 예능돌&#39; 피오-송민호, 꿀잼 티키타카[종합]",2020.04.04,스포츠조선,네이버뉴스
http://biz.heraldcorp.com/view.php?ud=202004042158269123764_1,"&#39;아는형님&#39; 조권X우영X송민호X피오, &#39;Promise→우리집&#39; 퍼포먼스 무대 &#39;열정 폭발&#39;(종합)",2020.04.04,헤럴드POP,네이버뉴스
https://www.news1.kr/articles/?3896734,"&#39;아형&#39; 조권X우영X피오X송민호, 원조·대세 예능돌의 만남 예능감↑(종합)",2020.04.04,뉴스1,네이버뉴스
http://isplus.live.joins.com/news/article/article.asp?total_id=23747253,"&#39;아는 형님&#39; 조권X우영X송민호X피오, 신구 예능돌의 매력 티키타카 [종합]",2020.04.04,일간스포츠,네이버뉴스
http://news.kmib.co.kr/article/view.asp?arcid=0014443658&code=61171111&cp=nv,뮤지컬 ‘적벽’ 세 차례 연기 끝에 취소… 온라인 생중계로,2020.04.04,국민일보,네이버뉴스
http://mksports.co.kr/view/2020/352443/,`미우새` 방송 최초 김종국→탁재훈 등 총집합…母벤져스 저격수는 누구? [MK★TV컷],2020.04.04,MK스포츠,네이버뉴스
http://www.joynews24.com/view/1255541,&#39;미우새&#39; 아들들 모두 모였다…&quot;현장은 아수라장&quot;,2020.04.05,조이뉴스24,None
http://www.upkorea.net/news/articleView.html?idxno=724124,&#39;슈퍼주니어&#39; 김희철 &quot;##백종원 #소유진 #송가인 #규현 #양세형 #김동준 #맛남의광장 #축하해줘서고마워요&quot;,2020.04.05,업코리아,None
http://www.fintechpost.co.kr/news/articleView.html?idxno=106703,"[빅데이터 분석]&quot;예능 방송인 브랜드평판 2020년 3월 빅데이터 분석결과... 1위 유재석, 2위 장도연, 3위 김종국&quot;  ",2020.04.05,블록체인밸리,None
http://www.gukjenews.com/news/articleView.html?idxno=1268289,예능 방송인 브랜드평판...1위 유재석 2위 이광수 3위 박나래,2020.04.05,국제뉴스,None
http://www.topstarnews.net/news/articleView.html?idxno=755826,"투피엠(2PM) 장우영, 전역 후 농염美 폭발 &#39;우리집 무대&#39;…누리꾼 &quot;여기가 바로 상모 맛집&quot;",2020.04.05,톱스타뉴스,None
https://www.news1.kr/articles/?3896756,[RE:TV] &#39;아형&#39; 2PM 우영 &#39;스포춤&#39; 선보여…&#39;흥부자&#39; 진면목 뽐냈다,2020.04.05,뉴스1,네이버뉴스
http://isplus.live.joins.com/news/article/article.asp?total_id=23747283,"[리뷰IS] &#39;아는형님&#39; 우영X조권→피오X송민호, 입담+춤 다 되는 &#39;찐&#39; 예능돌",2020.04.05,일간스포츠,네이버뉴스
http://tvdaily.asiae.co.kr/read.php3?aid=15860370001534993019,"&#39;아는형님&#39; 피오·민호-조권·우영, 절친에게 여동생 소개 가능할까? [TV온어에]",2020.04.05,티브이데일리,None
http://star.mt.co.kr/stview.php?no=2020040508245787378,"유재석, 4월 예능인 브랜드평판 1위..이광수·박나래 톱3",2020.04.05,스타뉴스,네이버뉴스
https://www.newsen.com/news_view.php?uid=202004050906350410,"‘하이힐 보깅댄스→골반 털기’ 조권, 전역해도 여전한 ‘깝권’",2020.04.05,뉴스엔,네이버뉴스
http://www.osen.co.kr/article/G1111333775,"&quot;깝권의 귀환&quot;..&#39;아는형님&#39; 조권, 하이힐 보깅댄스x골반 털기 &#39;美친 텐션&#39;",2020.04.05,OSEN,네이버뉴스
http://www.hankookilbo.com/news/npath/202004050985723258?did=NA,"‘아는 형님’ 조권, 보깅 댄스→골반 털기 최강자…美친 텐션 ‘깝권의 귀환’",2020.04.05,한국일보,네이버뉴스
http://isplus.live.joins.com/news/article/article.asp?total_id=23747297,"&#39;아는 형님&#39; 조권, 제대 첫 예능 신고식 &quot;2년 참은 텐션&quot;",2020.04.05,일간스포츠,네이버뉴스
http://sports.khan.co.kr/news/sk_index.html?art_id=202004050916003&sec_id=540101&pt=nv,"‘아는 형님’ 조권, 제대 후 첫 예능 신고식…2년을 참은 ‘美친 텐션’",2020.04.05,스포츠경향,네이버뉴스
http://sports.chosun.com/news/ntype.htm?id=202004050100037060002134&servicedate=20200405,"&#39;아는형님&#39; 조권, 제대 후 첫 &#39;깝권&#39; 신고식…하이힐 보깅댄스→골반털기",2020.04.05,스포츠조선,네이버뉴스
http://www.newsis.com/view/?id=NISX20200405_0000982875&cID=10701&pID=10700,"정동극장, &#39;적벽&#39; 공연 취소...무관중 온라인 생중계",2020.04.05,뉴시스,네이버뉴스
http://biz.heraldcorp.com/view.php?ud=202004050917209798503_1,"&#39;아는형님&#39; 조권, 2년 참은 &#39;美친 텐션&#39;…깝권의 성공적 예능 신고식",2020.04.05,헤럴드POP,네이버뉴스
http://www.slist.kr/news/articleView.html?idxno=147293,"조권, 전역 후 &#39;아형&#39;서 예능 신고식...원조 강라인+깝권의 귀환(ft.골반털기)",2020.04.05,싱글리스트,None
http://www.sportsworldi.com/content/html/2020/04/05/20200405504942.html,"‘아는 형님’ 조권, 하이힐부터 골반 털기까지 ‘깝권’이 돌아왔다 [TV핫스팟]",2020.04.05,스포츠월드,네이버뉴스
http://www.topstarnews.net/news/articleView.html?idxno=755890,"정동극장, &#39;적벽&#39; 공연 취소...무관중 온라인 생중계",2020.04.05,톱스타뉴스,None
https://nc.asiae.co.kr/view.htm?idxno=2020040509104249783,정동극장 &quot;&#39;적벽&#39; 공연 취소...8일 무관중 온라인 생중계 진행&quot;,2020.04.05,뉴스컬처,None
http://tvdaily.asiae.co.kr/read.php3?aid=15860468671534997019,"&#39;아는 형님&#39; 조권, 보깅 댄스→골반 털기 &#39;돌아온 깝권&#39;",2020.04.05,티브이데일리,None
http://www.dailysportshankook.co.kr/news/articleView.html?idxno=222009,"맛남의 광장 봄동비빔밥? 겉절이? 코울슬로? 샐러드? &#39;맛남의 광장&#39; 김동준, 백종원&amp;송가인이 극찬한 봄동 코울슬로 개발",2020.04.05,데일리스포츠한국,None
http://www.xportsnews.com/?ac=article_view&entry_id=1254831,"&quot;깝권 클라쓰&quot;…&#39;아는형님&#39; 조권, 제대 후 첫 예능 나들이 &#39;성공적&#39;",2020.04.05,엑스포츠뉴스,네이버뉴스
http://www.inews24.com/view/1255551,[코로나19] 정동극장 ‘적벽’ 전면 취소…8일 온라인 생중계,2020.04.05,아이뉴스24,네이버뉴스
http://sports.chosun.com/news/ntype.htm?id=202004050100037480002162&servicedate=20200405,"[SC리뷰] &#39;아는 형님&#39; 조권, &#39;깝권&#39;의 귀환…하이힐 &#39;보깅댄스&#39;→역시 &#39;골반 최강자&#39;",2020.04.05,스포츠조선,네이버뉴스
https://www.ytn.co.kr/_sn/0117_202004051017464017,"&#39;아는 형님&#39; 조권, 제대 후 첫 예능 신고식...2년 참은 &#39;깝&#39; 대방출",2020.04.05,YTN,네이버뉴스
http://mksports.co.kr/view/2020/352859/,"‘아는형님’ 조권, 하이힐 신고 보깅 댄스→골반 털기…깝권의 귀환",2020.04.05,MK스포츠,네이버뉴스
http://star.mbn.co.kr/view.php?year=2020&no=352879&refer=portal,"‘아는 형님’ 조권, 제대 후 첫 예능 신고식…2년을 참은 美친 텐션",2020.04.05,MBN,네이버뉴스
http://www.gukjenews.com/news/articleView.html?idxno=1268336,"정선군, 영농도우미 농업기계 임대료 전액 감면 시행",2020.04.05,국제뉴스,None
https://www.newsen.com/news_view.php?uid=202004050833532110,"영턱스클럽 한현남, 탑골 화사 딺은꼴 “점 위치도 똑같아” [결정적장면]",2020.04.05,뉴스엔,네이버뉴스
https://www.insight.co.kr/news/277416,송민호 &quot;절친 피오에게 여동생 소개해주기 싫다&quot;,2020.04.05,인사이트,None
http://www.asiatoday.co.kr/view.php?key=20200405010002370,"&#39;아는 형님&#39; 조권, 군 제대 후 성공적인 예능 신고식…역대급 텐션",2020.04.05,아시아투데이,None
https://www.hankyung.com/entertainment/article/202004056378I,"&#39;아는 형님&#39; 조권, 제대 후 첫 예능 신고식…2년을 참은 &#39;美친 텐션&#39;",2020.04.05,한국경제,네이버뉴스
http://enews.imbc.com/News/RetrieveNewsInfo/280092,"‘아는 형님’ 조권, 골반 털기 최강자 등극 “오랜만에 골반 터니 숨통 트여”",2020.04.05,MBC연예,네이버뉴스
http://www.sportsworldi.com/content/html/2020/04/05/20200405509475.html,"유재석, 4월 예능인 브랜드평판 1위…이광수 2위·박나래 3위",2020.04.05,스포츠월드,네이버뉴스
http://news.mtn.co.kr/newscenter/news_viewer.mtn?gidx=2020040514334117295,"‘아는형님’ 장우영, 2PM 명곡 메들리부터 ‘우리집’까지! 김희철 “완전 진형이형”",2020.04.05,MTN,None
http://news.mtn.co.kr/newscenter/news_viewer.mtn?gidx=2020040515032392076,"‘아는형님’ 조권, 2년간 숨겨뒀던 흥 방출 “클럽 봉타고 천장까지 올라갔다”",2020.04.05,MTN,None
http://news.heraldcorp.com/view.php?ud=20200405000157,"‘적벽’, 세 차례 휴연 끝에 공연 취소…8일 무관중 온라인 생중계",2020.04.05,헤럴드경제,네이버뉴스
http://www.sportsworldi.com/content/html/2020/04/05/20200405511079.html,화사 닮은꼴?…‘영턱스클럽’ 한현남 “점 위치도 똑같아”,2020.04.05,스포츠월드,네이버뉴스
http://sports.chosun.com/news/ntype.htm?id=202004050100041320002354&servicedate=20200405,"[인터뷰] 조권 &quot;전역 후 첫 예능 떨리고 설렜다, &#39;살아있네&#39; 칭찬에 기뻐&quot;",2020.04.05,스포츠조선,네이버뉴스
http://www.skyedaily.com/news/news_view.html?ID=102026,"정동극장 ‘적벽’, 공연 취소하고 무관중 온라인 생중계",2020.04.05,스카이데일리,None
https://www.dailian.co.kr/news/view/881457?sc=Naver,"정동극장 &#39;적벽&#39;, 3차 휴연 끝에 전면 취소…8일 온라인 생중계",2020.04.05,데일리안,네이버뉴스
https://sports.donga.com/article/all/20200405/100510615/1,"‘아는 형님’ 조권, 제대 후 예능 신고식…이 흥을 어떻게 참았나",2020.04.05,스포츠동아,네이버뉴스
http://www.topstarnews.net/news/articleView.html?idxno=756165,&#39;미우새&#39; 김성령 &quot;20세 나이 아들과 안 다정해&quot;…이태성·성유빈 어머니 박영혜 여사 母벤져스 합류,2020.04.05,톱스타뉴스,None
https://www.newsen.com/news_view.php?uid=202004052130260410,"이상민, 前아내 이혜영 간접 언급에 당황+발끈 “코코가 왜 나와”",2020.04.05,뉴스엔,네이버뉴스
http://www.osen.co.kr/article/G1111334080,"&#39;미우새&#39; 김경진 &quot;♥전수민과 헤어질 뻔, 기사덕에 재결합&quot; 깜짝",2020.04.05,OSEN,네이버뉴스
http://www.xportsnews.com/?ac=article_view&entry_id=1254961,"&#39;미우새&#39; 김희철, 이상민 집들이에 통 큰 현금 선물…&quot;미친 거 아냐?&quot;",2020.04.05,엑스포츠뉴스,네이버뉴스
http://star.mt.co.kr/stview.php?no=2020040517300927423,"&#39;미우새&#39; 김희철, 이상민 집들이에 &#39;돈봉투&#39; 투척..통 큰 선물",2020.04.05,스타뉴스,네이버뉴스
http://www.topstarnews.net/news/articleView.html?idxno=756171,"&#39;미우새&#39; 이상민 새 집 공개, 집들이 멤버 탁재훈·임원희·박수홍·김종국·김희철 나이는?…꽃삼겹찝 레시피 &#39;눈길&#39;",2020.04.05,톱스타뉴스,None
http://stoo.asiae.co.kr/article.php?aid=63443973160,"&#39;미우새&#39; 이상민, 탁재훈 &#39;코코&#39; 언급에 당황 &quot;말도 안 되는 소리&quot;",2020.04.05,스포츠투데이,None
https://sports.donga.com/article/all/20200405/100511288/1,‘미운우리새끼’ 이상민 과거 일기장 공개…맞바람 흑역사,2020.04.05,스포츠동아,네이버뉴스
http://biz.heraldcorp.com/view.php?ud=202004052021040983297_1,"&#39;미운우리새끼&#39; 이상민, 새 집 집들이…미우새 총출동 김희철→김종국",2020.04.05,헤럴드POP,네이버뉴스
http://enews24.tving.com/news/article.asp?nsID=1341471,"&#39;미우새&#39; 이상민, 前아내 이혜영 간접 언급에 역정 &quot;코코라니&quot;",2020.04.05,enews24,네이버뉴스
http://enter.etoday.co.kr/view/news_view.php?varAtcId=177786,"김희철, &#39;전수민♥&#39; 예비신랑 김경진 집 나들이 &quot;1983년생 나이 동갑 친구&quot;",2020.04.05,비즈엔터,None
https://www.news1.kr/articles/?3897306,"&#39;미우새&#39; 김경진, 예비신부 전수민 공개 &quot;지상렬이 연애 조언&quot;",2020.04.05,뉴스1,네이버뉴스
http://biz.heraldcorp.com/view.php?ud=202004052205291215129_1,"&#39;미우새&#39; 김희철, 동갑내기 김경진 집 찾았다…&quot;지상렬에게 연애 자문 구했다&quot;",2020.04.05,헤럴드POP,네이버뉴스
https://sports.donga.com/article/all/20200405/100511385/1,"‘미운우리새끼’ 지상렬 “김경진 예비신부 전수민, 유니세프인 줄”",2020.04.05,스포츠동아,네이버뉴스
http://www.topstarnews.net/news/articleView.html?idxno=756182,"&#39;미우새&#39; 김경진·전수민 결혼에 관심 보인 &#39;모모♥&#39; 김희철…이태성, 10살 나이 아들 이한승 &amp; 동생 성유빈과의 일상 공개!",2020.04.05,톱스타뉴스,None
http://stoo.asiae.co.kr/article.php?aid=63444188485,&#39;미운우리새끼&#39; 김경진 &quot;지상렬 조언 듣고 ♥전수민과 결혼&quot;,2020.04.05,스포츠투데이,None
http://www.slist.kr/news/articleView.html?idxno=147356,"김경진 &quot;김희철과 동갑, 내가 따라했다&quot;...데칼코마니 화보공개",2020.04.05,싱글리스트,None
http://www.theceluv.com/article.php?aid=1586092403315947010,"[예능 SCENE] &#39;미우새&#39; 김경진, 예비신부 모델 전수민 사진 공개에 &#39;수줍&#39;",2020.04.05,더셀럽,None
https://www.newsen.com/news_view.php?uid=202004052123230410,"김경진 “예비신부 전수민과 엄청 싸워 헤어질뻔, 결혼 기사 덕 재결합”",2020.04.05,뉴스엔,네이버뉴스
http://sports.chosun.com/news/ntype.htm?id=202004060100042280002407&servicedate=20200405,"&#39;미우새&#39; 김경진 &quot;♥전수민과 결혼 준비하며 크게 싸워, 헤어질 뻔&quot;",2020.04.05,스포츠조선,네이버뉴스
http://www.hkbs.co.kr/news/articleView.html?idxno=564713,"신체발부 수지부모, 무슨 뜻? ‘효경’에 실린 고사성어",2020.04.05,환경일보,None
http://tvdaily.asiae.co.kr/read.php3?aid=15860930501535038019,&#39;미우새&#39; 김경진♥전수민 공개 열애 뒷이야기 &quot;3일 전 헤어질 뻔&quot; [종합],2020.04.05,티브이데일리,None
http://www.kgdm.co.kr/news/articleView.html?idxno=689635,"&#39;미운우리새끼&#39; 김경진 &quot;여자친구 전수민, 혼자 신혼여행 가라고...&quot;",2020.04.05,경기도민일보,None
http://sports.hankooki.com/lpage/entv/202004/sp20200405222755136660.htm,"&#39;미운우리새끼&#39; 김희철-김경진, 묘한 닮은 꼴…지상렬 &quot;뒷모습 똑같네&quot;",2020.04.05,스포츠한국,None
http://www.lawissue.co.kr/view.php?ud=202004031417493360992c130dbe_12,"이차돌, 배달 실화? &#39;미운우리새끼&#39;에 먹방으로 등장",2020.04.05,로이슈,None
http://www.thebigdata.co.kr/view.php?ud=202004031412416484992c130dbe_23,"&#39;미우새&#39; 김희철의 먹방꿈나무 꿈 이뤄준 &#39;이차돌&#39;, 어디서 주문해?",2020.04.05,빅데이터뉴스,None
https://www.news1.kr/articles/?3897317,&#39;미우새&#39; 최초 싱글대디 이태성父子 합류…김성령 &quot;형제같아&quot;(종합),2020.04.05,뉴스1,네이버뉴스
http://biz.heraldcorp.com/view.php?ud=202004052249111290948_1,"[종합]&#39;미우새&#39; 싱글대디 이태성, 10살 아들과 형제(?) &#39;케미&#39;",2020.04.05,헤럴드POP,네이버뉴스
http://sports.chosun.com/news/ntype.htm?id=202004060100042360002414&servicedate=20200405,"[종합]&#39;미우새&#39; 싱글대디 이태성 합류, 형제같은 父子→김희철, 김경진♥전수민 결혼 축하",2020.04.05,스포츠조선,네이버뉴스
http://star.mt.co.kr/stview.php?no=2020040517294712970,&#39;미우새&#39; 김경진♥전수민 결혼 비화..&#39;싱글대디&#39; 이태성 합류[★밤TView],2020.04.05,스타뉴스,네이버뉴스
http://star.mk.co.kr/new/view.php?mc=ST&year=2020&no=354882,"[종합] `미우새` 이태성, 아들 이한승과 함께 NEW 미우새 등장",2020.04.05,매일경제,네이버뉴스
http://www.osen.co.kr/article/G1111334092,"&#39;미우새&#39; 이태성·이한승父子, 형제케미→김경민♥전수민, &#39;결혼비화&#39; 공개 [종합]",2020.04.05,OSEN,네이버뉴스
http://www.beyondpost.co.kr/view.php?ud=202004031411122495992c130dbe_30,"&#39;미우새&#39; 폭풍먹방 &#39;이차돌&#39; 배달 화제, 배달 가능지역 어디? 가격은?",2020.04.05,비욘드포스트,None
http://www.asiaarts.net/view.php?ud=202004031419197119992c130dbe_38,"&#39;미우새&#39; 김희철, &#39;이차돌&#39; 매장에서 먹던 맛 그대로 집에서 편하게 폭풍먹방",2020.04.05,아시아아츠,None
http://www.thepowernews.co.kr/view.php?ud=202004031409164136992c130dbe_40,"&#39;미우새&#39;에 등장한 &#39;이차돌&#39; 배달먹방, 주문 늘어",2020.04.05,더파워,None
http://www.osen.co.kr/article/G1111334101,"&quot;싱글대디? 母, 100점 아들&quot; &#39;미우새&#39; 이태성·이한승, 김성령 인정 &#39;형제&#39; 父子 [종합]",2020.04.05,OSEN,네이버뉴스
http://www.newsworks.co.kr/news/articleView.html?idxno=445813,"유재석, 이광수·박나래 제치고 예능방송인 1위… &#39;런닝맨·놀면뭐하니·송가인&#39; 인기",2020.04.06,뉴스웍스,None
http://www.hankookilbo.com/news/npath/202004052135076557?did=NA,"‘미우새’ 이상민, 탁재훈에 “내가 B급이면 형은 Z급”",2020.04.06,한국일보,네이버뉴스
http://www.hankookilbo.com/news/npath/202004052335730232?did=NA,"김희철, 김경진 집에서 변기 청소 “결혼하면 이런 일은 내가”",2020.04.06,한국일보,네이버뉴스
http://www.topstarnews.net/news/articleView.html?idxno=756227,"&quot;결혼 취소할까?&quot; &#39;미운 우리 새끼&#39; 김경진, &#39;♥전수민&#39; 프로포즈 고민 중 흑역사 공개",2020.04.06,톱스타뉴스,None
https://www.news1.kr/articles/?3897321,"[RE:TV] &#39;미우새&#39; 이태성, 열살 아들에겐 형같은 아빠…母 &#39;한숨&#39;",2020.04.06,뉴스1,네이버뉴스
http://biz.heraldcorp.com/view.php?ud=202004052152391176205_1,"[어게인TV]&#39;미우새&#39; 깔끔남 김희철, 김경진 하우스 찾고 &#39;경악&#39; 3년 안 닦은 어항 발견..",2020.04.06,헤럴드POP,네이버뉴스
http://www.osen.co.kr/article/G1111334154,&#39;미우새&#39; 김경진 &quot;♥전수민과 기사 덕 재결합&quot;‥이태성父子 &#39;싱글대디&#39; 라이프 [어저께TV],2020.04.06,OSEN,네이버뉴스
http://www.topstarnews.net/news/articleView.html?idxno=756267,"&#39;아형&#39; 조권·우영 &quot;눈에 띄는 예능돌은 송민호·피오&quot; 훈훈…&#39;오 나의 파트, 너&#39; 김연우 첫 우승, &#39;신소율♥&#39; 김지철 등장! [어제픽]",2020.04.06,톱스타뉴스,None
http://www.xportsnews.com/?ac=article_view&entry_id=1255024,[단독] &#39;미우새&#39; 김경진 &quot;♥전수민 덕에 8년만 지상파 예능 출연…큰 복덩이&quot;(인터뷰),2020.04.06,엑스포츠뉴스,네이버뉴스
http://starin.edaily.co.kr/news/newspath.asp?newsid=01088966625733496,"김경진, ♥전수민과 헤어질 뻔…&quot;결혼 기사 덕 재결합&quot;",2020.04.06,이데일리,네이버뉴스
http://www.spotvnews.co.kr/?mod=news&act=articleView&idxno=352016,&#39;미우새&#39; 김경진 &quot;♥전수민과 헤어질 뻔…결혼 기사 덕에 재결합&quot;[TV핫샷],2020.04.06,스포티비뉴스,네이버뉴스
http://moneys.mt.co.kr/news/mwView.php?no=2020040607358018271,"김경진, 전수민과 &quot;OO 덕 재결합했다&quot;",2020.04.06,머니S,네이버뉴스
http://news.tf.co.kr/read/entertain/1788535.htm,&#39;미우새&#39; 김경진 &quot;전수민과 헤어질 뻔…결혼 때문에 싸워&quot;,2020.04.06,더팩트,네이버뉴스
http://star.mk.co.kr/new/view.php?mc=ST&year=2020&no=355060,‘미우새’ 김경진 “♥전수민과 헤어질 뻔...결혼 기사 덕에 화해”,2020.04.06,매일경제,네이버뉴스
http://www.mydaily.co.kr/new_yk/html/read.php?newsid=202004060747892318&ext=na,[종합] &#39;미우새&#39; 김경진 &quot;♥예비신부 전수민과 헤어질 뻔 했는데…기사 나서 재결합&quot;,2020.04.06,마이데일리,네이버뉴스
http://sports.chosun.com/news/ntype.htm?id=202004070100043240002468&servicedate=20200406,"&#39;미우새&#39; 김경진, ♥전수민과 솔직한 러브스토리→이태성, 형제 같은 父子 사이 [SC리뷰]",2020.04.06,스포츠조선,네이버뉴스
http://www.mydaily.co.kr/new_yk/html/read.php?newsid=202004060747384123&ext=na,"&#39;미우새&#39; 김희철 &quot;지상렬, 우리 집 화장실서 물 안 내리고 가&quot;…김경진도 ‘경악&#39;",2020.04.06,마이데일리,네이버뉴스
http://www.newsinside.kr/news/articleView.html?idxno=1071224,"&#39;미운우리새끼&#39; 김경진-전수민, 헤어질 뻔?? &quot;결혼 기사 뜨기 3일 전 엄청 싸워&quot;",2020.04.06,뉴스인사이드,None
http://moneys.mt.co.kr/news/mwView.php?no=2020040608328095732,"이상민, 이혜영 간접 언급에 &#39;발끈&#39;… &quot;정신 나간!&quot;",2020.04.06,머니S,네이버뉴스
https://sports.donga.com/article/all/20200406/100513521/1,"[TV북마크] ‘미우새’ 이태성 합류→탁재훈 맹활약, 최고 20.2%",2020.04.06,스포츠동아,네이버뉴스
https://www.newsen.com/news_view.php?uid=202004060837228010,‘미우새’ 이태성 父子 합류에 올해 자체 최고 시청률 경신,2020.04.06,뉴스엔,네이버뉴스
http://www.mydaily.co.kr/new_yk/html/read.php?newsid=202004060838278136&ext=na,"이상민, 이혜영 간접 언급에 당황…&quot;고양이 이름을 코코라 짓겠냐&quot; (&#39;미우새&#39;)",2020.04.06,마이데일리,네이버뉴스
http://www.veritas-a.com/news/articleView.html?idxno=318720,"유재석, 예능 방송인 브랜드평판 1위.. 이광수 박나래 순",2020.04.06,베리타스알파,None
https://sports.donga.com/article/all/20200406/100513554/1,"‘미우새’ 임원희, 탕수육 vs 양장피 논쟁에 버럭 본능",2020.04.06,스포츠동아,네이버뉴스
http://biz.heraldcorp.com/view.php?ud=202004060839532003644_1,"&#39;미우새&#39; 김성령, 아들 에피소드 대방출→이태성 母子 새 식구 합류..최고 20.2%",2020.04.06,헤럴드POP,네이버뉴스
https://www.newsen.com/news_view.php?uid=202004060842071910,"‘미우새’ 이상민 집들이서 폭발한 임원희, 반전매력도 터졌다",2020.04.06,뉴스엔,네이버뉴스
https://www.news1.kr/articles/?3897409,&#39;미우새&#39; 이태성 싱글대디 일상 공개…16.4% 올해 자체최고시청률,2020.04.06,뉴스1,네이버뉴스
http://sbsfune.sbs.co.kr/news/news_content.jsp?article_id=E10009872295&plink=ORI&cooper=NAVER,"&#39;싱글대디&#39; 이태성 일상 첫 공개…&#39;미우새&#39;, 올해 최고 시청률 찍었다",2020.04.06,SBS funE,네이버뉴스
http://www.wikitree.co.kr/articles/520745,“이런 애 처음 봤다...” 이상민에게 갑자기 돈 봉투 건넨 김희철 (영상),2020.04.06,위키트리,None
http://www.mydaily.co.kr/new_yk/html/read.php?newsid=202004060843391236&ext=na,"‘미우새’ 김희철, 초록 수족관+김경진♥전수민 결혼 에피소드에 ‘깜놀’ 시청률 20.2%[어젯밤TV]",2020.04.06,마이데일리,네이버뉴스
http://sports.khan.co.kr/news/sk_index.html?art_id=202004060848003&sec_id=540201&pt=nv,"‘미우새’ 김성령, 아들 에피소드 대방출→이태성 父子 일상 첫 공개…최고 20.2% [간밤TV]",2020.04.06,스포츠경향,네이버뉴스
http://star.mt.co.kr/stview.php?no=2020040608391689309,"&#39;미우새&#39; 이태성→탁재훈, 2020 자체최고시청률 경신",2020.04.06,스타뉴스,네이버뉴스
http://www.xportsnews.com/?ac=article_view&entry_id=1255061,"&#39;미우새&#39; 이태성, 아들과 일상 첫 공개→탁재훈 웃음 저격수…올해 최고 시청률",2020.04.06,엑스포츠뉴스,네이버뉴스
http://www.slist.kr/news/articleView.html?idxno=147425,"&#39;미우새&#39;, 아들들X탁재훈 웃음 폭격+이태성 母子 합류...최고시청률 20% 돌파",2020.04.06,싱글리스트,None
http://www.themusical.co.kr/News/Detail?num=12948,정동극장 레퍼토리 공연 〈적벽〉 전면 취소…4월 8일 무관중 온라인 생중계 진행,2020.04.06,더뮤지컬,None
http://www.sportsworldi.com/content/html/2020/04/06/20200406504775.html,"‘미운 우리 새끼’ 형제 같은 이태성 父子, 일상 첫 공개 [TV핫스팟]",2020.04.06,스포츠월드,네이버뉴스
https://tenasia.hankyung.com/tv/article/2020040674614,"&#39;미우새&#39;, 싱글대디 이태성→&#39;악마 엄마&#39; 김성령…올해 자체 최고 시청률 기록",2020.04.06,텐아시아,네이버뉴스
http://www.newspim.com/news/view/20200406000101,&#39;미운 우리 새끼&#39; 이태성 부자 합류·탁재훈 웃음폭탄…최고 시청률 20.2%,2020.04.06,뉴스핌,None
http://www.osen.co.kr/article/G1111334234,"‘미우새’ 김경진♥전수민 결혼 에피소드→이태성 父子, 철부지 형제 같은 일상",2020.04.06,OSEN,네이버뉴스
http://moneys.mt.co.kr/news/mwView.php?no=2020040608558094291,&quot;당원은 기억한다&quot;… 동교동계 원로 복당에 선그은 민주당,2020.04.06,머니S,네이버뉴스
https://www.sedaily.com/NewsView/1Z1DBU4I1H,&#39;미우새&#39; 박수홍 &quot;카드거래 불가&quot;···탁재훈 &quot;이 돈도 가져가라&quot; 분노,2020.04.06,서울경제,네이버뉴스
http://www.upinews.kr/newsView/upi202004060005,이태성 합류 &#39;미우새&#39; 시청률 16.4%…올해 자체 최고,2020.04.06,UPI뉴스,None
http://www.hankookilbo.com/news/npath/202004060997051136?did=NA,"‘미우새’ 이태성 母, 철부지 아들 이태성 일상 첫 공개에 한숨",2020.04.06,한국일보,네이버뉴스
http://www.joynews24.com/view/1255665,&#39;미운우리새끼&#39; 이상민 집들이 &#39;핵폭탄 웃음&#39; 올해 최고 시청률 20.2% 기록,2020.04.06,조이뉴스24,None
https://sports.donga.com/article/all/20200406/100514510/1,‘77억의 사랑’ 노지훈 “‘미스터트롯’ 내 라이벌? 처음부터 임영웅”,2020.04.06,스포츠동아,네이버뉴스
http://biz.heraldcorp.com/view.php?ud=202004060942552377477_1,[투데이TV]&#39;77억의 사랑&#39; 노지훈 &quot;&#39;미스터트롯&#39; 내 라이벌은 처음부터 임영웅&quot;,2020.04.06,헤럴드POP,네이버뉴스
https://www.newsen.com/news_view.php?uid=202004060942398010,"‘77억’ 노지훈 “내 라이벌, 처음부터 임영웅이었다”[오늘TV]",2020.04.06,뉴스엔,네이버뉴스
http://sports.hankooki.com/lpage/entv/202004/sp20200406094335136660.htm,[출근길TV] &#39;미우새&#39; 김경진 &quot;모델 전수민과 헤어질뻔…기사 나서 재결합&quot;,2020.04.06,스포츠한국,None
http://www.joynews24.com/view/1255679,&#39;77억의 사랑&#39; 노지훈 &quot;내 라이벌은 처음부터 임영웅&quot; 솔직 고백,2020.04.06,조이뉴스24,None
http://sports.chosun.com/news/ntype.htm?id=202004070100044730002556&servicedate=20200406,‘77억의 사랑’ 노지훈 “내 라이벌은 처음부터 임영웅”,2020.04.06,스포츠조선,네이버뉴스
http://www.edaily.co.kr/news/newspath.asp?newsid=01987686625733496,"피플펀드, 희만사와 `금융소외계층을 위한 포용금융 지원 업무협약`",2020.04.06,이데일리,네이버뉴스
http://star.mk.co.kr/new/view.php?mc=ST&year=2020&no=355576,"‘미우새’ 이상민, 前아내 이혜영 간접 언급에 당황 “코코가 왜 나와”",2020.04.06,매일경제,네이버뉴스
http://www.sportsseoul.com/news/read/902334?ref=naver,"&#39;77억의 사랑&#39; 노지훈, &quot;내 라이벌은 처음부터 임영웅&quot; 솔직 매력 발산",2020.04.06,스포츠서울,네이버뉴스
http://stoo.asiae.co.kr/article.php?aid=63448327129,"&#39;미우새&#39; 7주 연속 일요 예능 1위, 올해 자체 최고 시청률 경신",2020.04.06,스포츠투데이,None
http://www.xportsnews.com/?ac=article_view&entry_id=1255096,"&#39;77억의 사랑&#39; 노지훈 &quot;&#39;미스터트롯&#39; 라이벌, 처음부터 임영웅&quot; [포인트:톡]",2020.04.06,엑스포츠뉴스,네이버뉴스
http://star.mt.co.kr/stview.php?no=2020040609473399806,&#39;77억의 사랑&#39; 노지훈 &quot;라이벌? 처음부터 임영웅&quot;,2020.04.06,스타뉴스,네이버뉴스
http://www.osen.co.kr/article/G1111334239,"‘미우새’ 임원희, 이상민 일기 속 막장 연애사에 탄식 “이 연애 반대일세”",2020.04.06,OSEN,네이버뉴스
http://sports.khan.co.kr/news/sk_index.html?art_id=202004060952003&sec_id=540201&pt=nv,‘77억의 사랑’ 노지훈 솔직 입담 발산 “내 라이벌 처음부터 임영웅”,2020.04.06,스포츠경향,네이버뉴스
https://tenasia.hankyung.com/tv/article/2020040678524,&#39;77억의 사랑&#39; 노지훈 &quot;내 라이벌은 임영웅&quot;,2020.04.06,텐아시아,네이버뉴스
http://www.osen.co.kr/article/G1111334267,&#39;77억의 사랑&#39; 노지훈 &quot;&#39;미스터트롯&#39; 라이벌? 처음부터 임영웅이었다&quot; [Oh!쎈 예고],2020.04.06,OSEN,네이버뉴스
http://mksports.co.kr/view/2020/355665/,"‘미우새’ 김경진 “♥전수민과 헤어질 뻔, 결혼 기사 덕에 재결합”",2020.04.06,MK스포츠,네이버뉴스
http://www.hg-times.com/news/articleView.html?idxno=215268,&#39;미우새&#39; 김경진 &quot;결혼 준비는 여자한테 맡겨야 해&quot;,2020.04.06,한강타임즈,None
http://www.theceluv.com/article.php?aid=1586133713315973010,&#39;미우새&#39; 싱글 대디 이태성 합류→김경진♥전수민 결혼 에피소드…20.2% 기록,2020.04.06,더셀럽,None
http://www.hankookilbo.com/news/npath/202004060994033771?did=NA,‘77억의 사랑’ 노지훈 “ ‘미스터트롯’ 라이벌? 처음부터 임영웅”,2020.04.06,한국일보,네이버뉴스
http://www.slist.kr/news/articleView.html?idxno=147461,"&#39;77억의 사랑&#39; 노지훈 &quot;&#39;미스터트롯&#39; 라이벌, 처음부터 임영웅&quot;",2020.04.06,싱글리스트,None
https://www.hankyung.com/entertainment/article/202004067940I,&#39;77억의 사랑&#39; 노지훈 &quot;내 라이벌은 처음부터 임영웅&quot; 솔직 매력 발산,2020.04.06,한국경제,네이버뉴스
https://tenasia.hankyung.com/topic/article/2020040679124,"김경진, &#39;미우새&#39; 출연 소감 &quot;열심히 할게요&quot;…전수민 &quot;화이팅♥&quot;",2020.04.06,텐아시아,네이버뉴스
http://isplus.live.joins.com/news/article/article.asp?total_id=23747921,&#39;77억의 사랑&#39; 노지훈 &quot;&#39;미스터트롯&#39; 라이벌? 처음부터 임영웅&quot;,2020.04.06,일간스포츠,네이버뉴스
http://www.wsobi.com/news/articleView.html?idxno=94687,한화큐셀 독일 생활소비재 어워드서 1등 차지,2020.04.06,여성소비자신문,None
http://stoo.asiae.co.kr/article.php?aid=63453971928,&#39;77억의 사랑&#39; 노지훈 &quot;내 라이벌은 처음부터 임영웅&quot; [TV스포],2020.04.06,스포츠투데이,None
http://sports.chosun.com/news/ntype.htm?id=202004070100045260002585&servicedate=20200406,"[SC리뷰]‘미우새’ 김성령, 母벤져스 공감 얻은 솔직 입담→‘싱글 대디’ 이태성 일상 첫 공개",2020.04.06,스포츠조선,네이버뉴스
http://www.newsinside.kr/news/articleView.html?idxno=1071236,"&#39;미운 우리 새끼&#39; 이상민, 동생 김희철 집들이 돈 봉투 선물에 &#39;감동&#39;",2020.04.06,뉴스인사이드,None
http://www.ggilbo.com/news/articleView.html?idxno=758483,스타들의 &#39;말말말&#39; 김재중부터 예원·유승준·신정환까지 입방정으로 나락까지?,2020.04.06,금강일보,None
https://www.hankyung.com/entertainment/article/202004067916H,&#39;미우새&#39; 김경진 &quot;예비신부 전수민과 헤어지려다…결혼 보도에 재결합&quot;,2020.04.06,한국경제,네이버뉴스
http://www.mydaily.co.kr/new_yk/html/read.php?newsid=202004061021837791&ext=na,"노지훈 &quot;&#39;미스터트롯&#39;, 내 라이벌은 처음부터 임영웅&quot; [오늘밤TV]",2020.04.06,마이데일리,네이버뉴스
http://sports.chosun.com/news/ntype.htm?id=202004070100045540002605&servicedate=20200406,"김경진, &#39;미우새&#39; 출연 소감 &quot;열심히 할게요…♥수민이도 고마워&quot;",2020.04.06,스포츠조선,네이버뉴스
http://www.marketnews.co.kr/news/articleView.html?idxno=43157,"&#39;미우새&#39; 임원희, 이상민 집들이에서 &#39;버럭 짠희&#39; 변신…&#39;반전 매력&#39; 선사",2020.04.06,마켓뉴스,None
http://news.heraldcorp.com/view.php?ud=20200406000292,"피플펀드, 사회적기업 ‘희만사’와 업무협약 체결",2020.04.06,헤럴드경제,네이버뉴스
https://www.huffingtonpost.kr/entry/kim-kyung-jin-jeon-sumin-wedding_kr_5e8a77b8c5b6e7d76c661575?utm_id=naver,"코미디언 김경진이 모델 전수민과의 연애 뒷이야기를 털어놨는데, 모두 경악하고 말았다(영상)",2020.04.06,허프포스트코리아,None
http://star.mbn.co.kr/view.php?year=2020&no=356148&refer=portal,"‘미우새’ 김경진, 출연 소감 “수민이 땡큐” [M+★SNS]",2020.04.06,MBN,네이버뉴스
http://www.etoday.co.kr/news/section/newsview.php?idxno=1880113,이상민 새 집에 연애 일기장 공개 ‘맞바람’ ‘잠깐 스쳤던 여성’,2020.04.06,이투데이,None
http://www.ddaily.co.kr/news/article.html?no=193904,"피플펀드-희만사, 금융소외계층을 위한 포용금융 지원 업무협약",2020.04.06,디지털데일리,네이버뉴스
http://news.jtbc.joins.com/article/article.aspx?news_id=NB11943740,&#39;77억의 사랑&#39; 노지훈 &quot;내 라이벌은 처음부터 임영웅&quot; 솔직 매력 발산,2020.04.06,JTBC,네이버뉴스
http://www.mydaily.co.kr/new_yk/html/read.php?newsid=202004061053429467&ext=na,"김경진, &#39;미우새&#39;서 ♥전수민과 결혼 에피소드 방출→&quot;예비신부 고마워&quot; 소감",2020.04.06,마이데일리,네이버뉴스
http://enews.imbc.com/News/RetrieveNewsInfo/280165,"&#39;미우새&#39; 임원희, 알고보니 탁재훈보다 동생… &#39;버럭 짠희&#39; 변신에 대폭소!",2020.04.06,MBC연예,네이버뉴스
https://www.newsen.com/news_view.php?uid=202004060910495310,이상민 집들이에 김희철 돈봉투 “16년전 형 결혼식 못 가” [결정적장면],2020.04.06,뉴스엔,네이버뉴스
http://www.newsis.com/view/?id=NISX20200406_0000983819&cID=10601&pID=10600,&#39;77억 사랑&#39; 노지훈 &quot;라이벌은 임영웅...1등 투표는?&quot;,2020.04.06,뉴시스,네이버뉴스
https://sports.donga.com/article/all/20200406/100517128/1,"‘미우새’ 이상민, 탁재훈 코코 언급에 분노 “내가 미쳤냐!”",2020.04.06,스포츠동아,네이버뉴스
http://www.xportsnews.com/?ac=article_view&entry_id=1255109,"&#39;미우새&#39; 이태성, 아들과 父子케미 &#39;폭발&#39;→김경진 &quot;♥전수민과 헤어질 뻔&quot; [엑&#39;s 리뷰]",2020.04.06,엑스포츠뉴스,네이버뉴스
http://www.osen.co.kr/article/G1111334251,"김경진 &quot;전수민과 신혼여행지 결정 못해, 코로나19 여파 식 연기 고민&quot; [직격인터뷰]",2020.04.06,OSEN,네이버뉴스
http://www.dailysportshankook.co.kr/news/articleView.html?idxno=222072,"김희철 여자친구 모모? 김희철♥모모 나이차이? 77억의 사랑, 김희철 &quot;강원도 산불 악플 때문에 기부 공개&quot;",2020.04.06,데일리스포츠한국,None
http://mksports.co.kr/view/2020/356673/,노지훈 “‘미스터트롯’ 출연 당시 내 라이벌은 임영웅”(77억의 사랑),2020.04.06,MK스포츠,네이버뉴스
https://www.newsen.com/news_view.php?uid=202004061151568010,노지훈 ‘77억의 사랑’ 본방사수 부르는 출연 인증샷 “한국대표로”,2020.04.06,뉴스엔,네이버뉴스
http://www.wowtv.co.kr/NewsCenter/News/Read?articleId=A202004060209&t=NN,"노지훈, ‘77억의 사랑’ 본방사수 부르는 훈훈 인증샷",2020.04.06,한국경제TV,네이버뉴스
http://mksports.co.kr/view/2020/356700/,"‘미우새’ 임원희, 탁재훈 반말에 나이 논란?…김희철 의문에 “나보다 형”",2020.04.06,MK스포츠,네이버뉴스
http://www.greenpostkorea.co.kr/news/articleView.html?idxno=116229,민간 서민금융업계의 &#39;포용금융&#39;도 시작됐다,2020.04.06,그린포스트코리아,None
http://biz.heraldcorp.com/view.php?ud=202004061153303017921_1,"&#39;77억의 사랑&#39; 노지훈, 김희철-알베르토와 다정 투샷 &quot;한국 대표!&quot;",2020.04.06,헤럴드POP,네이버뉴스
http://star.mt.co.kr/stview.php?no=2020040611530936244,"&#39;이은혜♥&#39; 노지훈, &#39;77억의 사랑&#39; 한국 대표로 출연 &quot;본방사수!&quot;",2020.04.06,스타뉴스,네이버뉴스
http://www.newsworks.co.kr/news/articleView.html?idxno=445971,"노지훈, JTBC &#39;77억의 사랑&#39; 출격… 김희철부터 알베르토까지 본방사수 부르는 인증샷 공개",2020.04.06,뉴스웍스,None
http://enews24.tving.com/news/article.asp?nsID=1341517,"노지훈, 김희철부터 알베르토까지 &#39;훈남들의 향연&#39;",2020.04.06,enews24,네이버뉴스
https://sports.donga.com/article/all/20200406/100518333/1,"[DAY컷] 노지훈 김희철, ‘77억의 사랑’ 출연 인증샷",2020.04.06,스포츠동아,네이버뉴스
http://www.anewsa.com/detail.php?number=2098335&thread=07,"노지훈, ‘77억의 사랑’ 출격 &#39;무대 공포증&#39; 극복 노하우 밝혀",2020.04.06,아시아뉴스통신,None
http://star.mbn.co.kr/view.php?year=2020&no=356918&refer=portal,‘미우새’ 임원희 탕수육VS양장피 논쟁에 버럭 짠희 변신 [M+TV인사이드],2020.04.06,MBN,네이버뉴스
http://tvdaily.asiae.co.kr/read.php3?aid=15861417351535109019,"‘77억의사랑’ 노지훈 “임영웅, 처음부터 내 라이벌”",2020.04.06,티브이데일리,None
http://sports.chosun.com/news/ntype.htm?id=202004070100047180002691&servicedate=20200406,"노지훈, &#39;77억의 사랑&#39; 출격...김희철→알베르토와 훈훈 인증샷 공개",2020.04.06,스포츠조선,네이버뉴스
http://isplus.live.joins.com/news/article/article.asp?total_id=23748072,"노지훈, 김희철→알베르토와 &#39;77억의 사랑&#39; 인증샷 &quot;본방사수&quot;",2020.04.06,일간스포츠,네이버뉴스
http://www.thedrive.co.kr/news/newsview.php?ncode=1065583945331362,"한국기업평판연구소, &#39;예능 방송인 브랜드평판 2020년 4월 빅데이터&#39; 분석결과 발표",2020.04.06,더드라이브,None
http://www.nextdaily.co.kr/news/article.html?id=20200406800025,"가수 노지훈, 오늘 밤 11시 JTBC ‘77억의 사랑’ 출격!",2020.04.06,넥스트데일리,None
http://www.osen.co.kr/article/G1111334306,"노지훈, 오늘 ‘77억의 사랑’ 출격..김희철부터 알베르토까지 훈훈 인증샷[공식]",2020.04.06,OSEN,네이버뉴스
https://www.insight.co.kr/news/277596,이상민 집들이 선물로 두툼한 &#39;현금 다발&#39; 건넨 &#39;센스甲&#39; 김희철,2020.04.06,인사이트,None
http://www.newsinside.kr/news/articleView.html?idxno=1071251,"&#39;77억의사랑&#39; 노지훈 &quot;임영웅, 처음부터 내 라이벌&quot; 미녀 안젤리나와 듀엣 무대",2020.04.06,뉴스인사이드,None
http://mksports.co.kr/view/2020/357052/,"노지훈, ‘77억의 사랑’ 본방 사수 독려 “한국 대표” [똑똑SNS]",2020.04.06,MK스포츠,네이버뉴스
http://www.xportsnews.com/?ac=article_view&entry_id=1255224,"노지훈 &#39;77억의 사랑&#39; 출격, 김희철→알베르토와 꽃미모 자랑 &#39;훈훈&#39;",2020.04.06,엑스포츠뉴스,네이버뉴스
http://www.lawissue.co.kr/view.php?ud=202004061323547730204ead0791_12,피플펀드-희만사 금융소외계층을 위한 포용금융 지원 업무협약,2020.04.06,로이슈,None
http://www.sportsworldi.com/content/html/2020/04/06/20200406511068.html,"‘미우새’ 김경진♥전수민, ‘반전’ 러브스토리 “기사 나서 재결합”",2020.04.06,스포츠월드,네이버뉴스
http://star.mbn.co.kr/view.php?year=2020&no=357227&refer=portal,노지훈 “내 라이벌? 처음부터 임영웅” 솔직 매력 발산(77억의 사랑),2020.04.06,MBN,네이버뉴스
http://sports.chosun.com/news/ntype.htm?id=202004070100047900002730&servicedate=20200406,"노지훈, &#39;77억의 사랑&#39; 홍보요정…김희철부터 알베르토까지 훈훈 인증샷 대방출",2020.04.06,스포츠조선,네이버뉴스
//www.yeongnam.com/web/view.php?key=20200406001331383,"&#39;미우새&#39; 김경진 &quot;지상렬, 조언 듣다 전수민과 위기 겪어&quot;",2020.04.06,영남일보,None
http://www.topstarnews.net/news/articleView.html?idxno=756548,"노지훈, &#39;77억의 사랑&#39; 출연 인증샷…싱글대디에 공감? 안젤리나와 듀엣 무대까지",2020.04.06,톱스타뉴스,None
http://www.anewsa.com/detail.php?number=2098412&thread=07,"&#39;77억의 사랑&#39; 노지훈, &quot;내 라이벌은 임영웅&quot; 1등 투표는?",2020.04.06,아시아뉴스통신,None
http://www.medisobizanews.com/news/articleView.html?idxno=68565,[건강칼럼] 라식ㆍ라섹 수술 후 시력 감퇴…각막 보존 &#39;안내렌즈삽입술&#39;이 안전,2020.04.06,메디소비자뉴스,None
https://news.sbs.co.kr/news/endPage.do?news_id=N1005734382&plink=ORI&cooper=NAVER,[스브스타] &quot;형한테 필요한 게 뭘까 하다가…&quot; 김희철이 이상민 집들이 선물로 준 것,2020.04.06,SBS,네이버뉴스
//www.yeongnam.com/web/view.php?key=20200406001359531,&#39;&#39;77억의 사랑&#39; 코로나19 위기 상황 대처 재테크 방법 추천?…노지훈 &quot;내 라이벌은 처음부터 임영웅&quot; 솔직 매력 발산,2020.04.06,영남일보,None
http://sports.hankooki.com/lpage/entv/202004/sp20200406140837136660.htm,&#39;77억의 사랑&#39; 노지훈 &quot;&#39;미스터트롯&#39; 라이벌? 처음부터 임영웅&quot;[TV미리보기],2020.04.06,스포츠한국,None
http://star.mk.co.kr/new/view.php?mc=ST&year=2020&no=357542,"노지훈, ‘77억의 사랑’ 본방사수 독려...‘훈훈 슈트핏’",2020.04.06,매일경제,네이버뉴스
http://www.newsinside.kr/news/articleView.html?idxno=1071256,&#39;77억의사랑&#39; 임영웅X영탁 출격..다국적 출연진과 K-트로트의 만남,2020.04.06,뉴스인사이드,None
https://www.hankyung.com/entertainment/article/202004068889H,&#39;77억의 사랑&#39; 노지훈 &quot;&#39;미스터트롯&#39; 내 라이벌은 처음부터 임영웅&quot;,2020.04.06,한국경제,네이버뉴스
http://www.theceluv.com/article.php?aid=1586150834316061005,"노지훈, ‘77억의 사랑’ 본방 사수 독려 “한국 대표로 다녀왔다” [셀럽샷]",2020.04.06,더셀럽,None
http://www.ibulgyo.com/news/articleView.html?idxno=205385,"양양 낙산사, 소원지 달면서 &#39;코로나 종식&#39;과 &#39;가족 건강&#39; 기원",2020.04.06,불교신문,None
http://www.inews24.com/view/1255852,"피플펀드, 희만사와 금융소외계층 포용금융 지원 업무협약",2020.04.06,아이뉴스24,네이버뉴스
http://www.m-i.kr/news/articleView.html?idxno=699140,"&#39;77억의 사랑&#39; 노지훈, &quot;내 라이벌은 처음부터 임영웅&quot;",2020.04.06,매일일보,None
http://starin.edaily.co.kr/news/newspath.asp?newsid=01285766625733496,&#39;77억의 사랑&#39; 노지훈 &quot;내 라이벌은 처음부터 임영웅&quot;,2020.04.06,이데일리,네이버뉴스
http://www.sporbiz.co.kr/news/articleView.html?idxno=428402,&#39;77억의 사랑&#39; 노지훈 &quot;&#39;미스터트롯&#39; 내 라이벌은 임영웅&quot;,2020.04.06,한스경제,None
http://enews.imbc.com/News/RetrieveNewsInfo/280206,"&quot;처음부터 임영웅&quot;…노지훈, 라이벌 묻자 솔직 답변(77억의 사랑)",2020.04.06,MBC연예,네이버뉴스
http://www.stardailynews.co.kr/news/articleView.html?idxno=268585,"&#39;77억의 사랑&#39; 노지훈, 김희철·알베르토와 함께한 인증샷 공개",2020.04.06,스타데일리뉴스,None
http://www.wsobi.com/news/articleView.html?idxno=94748,"한화솔루션 김동관 부사장, 태양광 등 미래사업 견인 가속화",2020.04.06,여성소비자신문,None
http://www.wikitree.co.kr/articles/520963,"해남고구마·해남김, ‘맛남의 광장’서 맛난 변신",2020.04.06,위키트리,None
http://www.marketnews.co.kr/news/articleView.html?idxno=43173,"노지훈, &#39;77억의 사랑&#39; 출격…김희철부터 알베르토까지 훈훈 인증샷 대방출",2020.04.06,마켓뉴스,None
http://daily.hankooki.com/lpage/society/202004/dh20200406163402137780.htm,해남고구마·해남김‘맛남의 광장’서 맛난 변신,2020.04.06,데일리한국,None
http://www.siminilbo.co.kr/news/newsview.php?ncode=1065597580103902,해남고구마·해남김‘맛남의 광장’서 맛난 변신,2020.04.06,시민일보,None
http://www.newsworker.co.kr/news/articleView.html?idxno=67051,"해남군, 해남고구마.해남김... &#39;맛남의 광장&#39;서 맛난 변신",2020.04.06,뉴스워커,None
http://www.gukjenews.com/news/articleView.html?idxno=1269025,"해남군, &#39;SBS 맛남의 광장&#39; 9일부터 방영",2020.04.06,국제뉴스,None
http://www.theceluv.com/article.php?aid=1586160391316114010,"[예능 SCENE] 김희철, 이상민에 돈 봉투 선물 “형이 워낙 다 있어서” (미우새)",2020.04.06,더셀럽,None
http://www.newsprime.co.kr/news/article.html?no=500160,"해남군 고구마·김, 백종원 음식재료로 매주 목요일 소개",2020.04.06,프라임경제,None
http://www.newscj.com/news/articleView.html?idxno=725311,"[해남] 해남고구마·해남김, 백종원 만나 신 메뉴 탄생한다",2020.04.06,천지일보,None
http://www.nbnnews.co.kr/news/articleView.html?idxno=383774,"노지훈, &#39;77억의 사랑&#39; 출격하다",2020.04.06,내외뉴스통신,None
http://www.ebn.co.kr/news/view/1423024/?sc=naver,"피플펀드-희만사, 금융소외계층 위한 포용금융 지원 업무협약",2020.04.06,EBN,None
http://www.gukjenews.com/news/articleView.html?idxno=1269121,"태백시, 청사 본관 현관 출입문만 개방",2020.04.06,국제뉴스,None
http://enews24.tving.com/news/article.asp?nsID=1341571,&#39;77억의 사랑&#39; 노지훈 &quot;내 라이벌은 처음부터 임영웅이었다&quot;,2020.04.06,enews24,네이버뉴스
http://star.mbn.co.kr/view.php?year=2020&no=359845&refer=portal,"‘77억의 사랑’ 노지훈, 김희철과 훈훈한 투샷 ‘꽃미모 자랑’ [M+★SNS]",2020.04.06,MBN,네이버뉴스
http://www.theceluv.com/article.php?aid=1586181600316011010,&#39;77억의 사랑&#39; 노지훈 &quot;내 라이벌 처음부터 임영웅…1등 투표는?&quot; 반전,2020.04.06,더셀럽,None
http://www.mydaily.co.kr/new_yk/html/read.php?newsid=202004070003115174&ext=na,노지훈 &quot;과거 슬럼프에 극단적 생각까지…♥이은혜 덕에 극복&quot; (&#39;77억의 사랑&#39;),2020.04.07,마이데일리,네이버뉴스
http://www.osen.co.kr/article/G1111334532,"&#39;77억의사랑&#39; 노지훈 &quot;아내 이은혜, 연애 3개월만에 임신..인생의 구원자&quot;(ft.미스터트롯)[종합]",2020.04.07,OSEN,네이버뉴스
http://kpenews.com/View.aspx?No=802899,노지훈 &quot;아내 이은혜는 내 인생의 구원자&quot;..7년만에 친구에서 연인된 사연,2020.04.07,한국정경신문,None
http://nbntv.co.kr/news/view/864966,"&#39;77억의 사랑&#39; 노지훈 &quot;아내 이은혜, 7년만에 여자로 보여&quot; 혼전 임신 에피소드까지 &#39;공개&#39;",2020.04.07,내외경제tv,None
https://www.newsen.com/news_view.php?uid=202004070023377510,"노지훈 “고모 삼촌 누나들이 절 키워주셨다, 父 암투병 사망 후” 77억의 사랑[어제TV]",2020.04.07,뉴스엔,네이버뉴스
http://tvdaily.asiae.co.kr/read.php3?aid=15862089001535215019,"&#39;77억의 사랑&#39; 노지훈 &quot;♥이은혜, 내 구원자라고 생각한다&quot; 고백 [TV온에어]",2020.04.07,티브이데일리,None
http://www.mydaily.co.kr/new_yk/html/read.php?newsid=202004070019699701&ext=na,"&#39;77억의 사랑&#39; 노지훈 &quot;♥이은혜=인생의 구원자…돌아가신 부모님, 요즘 보고 싶어&quot; [MD리뷰]",2020.04.07,마이데일리,네이버뉴스
http://www.osen.co.kr/article/G1111334564,"&#39;77억의 사랑&#39; 노지훈 &quot;&#39;미스터트롯&#39; 임영웅 라이벌&quot;→아내 혼전임신, 솔직 입담[어저께TV]",2020.04.07,OSEN,네이버뉴스
http://www.breaknews.com/723035,해남고구마·해남김‘맛남의 광장’서 맛난 변신,2020.04.07,브레이크뉴스,None
https://www.wikitree.co.kr/articles/518831,청결과 깔끔의 아이콘 김희철... 결국 &#39;이것&#39; 모델 됐다,2020.04.07,위키트리,None
http://moneys.mt.co.kr/news/mwView.php?no=2020040707488078409,"&#39;사랑꾼♥&#39; 노지훈, &quot;이은혜는 나의 구원자&quot;",2020.04.07,머니S,네이버뉴스
http://www.joynews24.com/view/1256005,"&#39;77억&#39; 노지훈 &quot;아내 이은혜, 내 인생의 구원자…슬럼프 극복 계기&quot;",2020.04.07,조이뉴스24,None
https://www.news2day.co.kr/150626,[김희철의 전쟁사](33) ‘한국의 리지웨이’ 백남권 3사단장의 ‘가칠봉 전투&#39;승리와 눈물,2020.04.07,뉴스투데이,None
http://star.mk.co.kr/new/view.php?mc=ST&year=2020&no=360257,"노지훈 “아내 이은혜는 구원자, 극단적인 생각할 때 따뜻한 위로”( ‘77억의 사랑’)",2020.04.07,매일경제,네이버뉴스
http://www.ilyoseoul.co.kr/news/articleView.html?idxno=381169,해남고구마·해남김 백종원과 &#39;맛남의 광장&#39; 맛난 변신,2020.04.07,일요서울,None
http://www.headlinejeju.co.kr/news/articleView.html?idxno=414024,"[동정] 삼양동장, 방문고객 대상 풍수해보험 가입 당부",2020.04.07,헤드라인제주,None
http://www.headlinejeju.co.kr/news/articleView.html?idxno=414023,"[동장] 삼양동장, 사회적 거리두기 잠시멈춤 홍보 철저 당부",2020.04.07,헤드라인제주,None
http://www.ohmynews.com/NWS_Web/View/at_pg.aspx?CNTN_CD=A0002630159&CMPT_CD=P0010&utm_source=naver&utm_medium=newsearch&utm_campaign=naver_news,음악 예능도 복고 열풍? &#39;라떼는 말이야&#39;로 끝나지 않으려면,2020.04.07,오마이뉴스,네이버뉴스
http://www.kyosu.net/news/articleView.html?idxno=49897,[김희철의 문화칼럼] 마음이 풍족한 사람들의 생존법,2020.04.07,교수신문,None
http://www.gukjenews.com/news/articleView.html?idxno=1269592,"정선군, 전 군민 재난기본소득 20만원 지급 결정",2020.04.07,국제뉴스,None
http://www.gwangnam.co.kr/read.php3?aid=1586236791353560037,"해남 특산품 고구마·김, 새로운 변신 예고",2020.04.07,광남일보,None
http://www.gukjenews.com/news/articleView.html?idxno=1269622,"태백시, 노인일자리 공익활동 참여자 활동비 선지급",2020.04.07,국제뉴스,None
http://www.gukjenews.com/news/articleView.html?idxno=1269639,원주 시내버스 운행시간 조정,2020.04.07,국제뉴스,None
http://kookbang.dema.mil.kr/newsWeb/20200408/8/BBSMSTR_000000010061/view.do,판소리 뮤지컬 ‘적벽’ 공연 취소,2020.04.07,국방일보,None
http://www.joongdo.co.kr/main/view.php?key=20200407010002331,해남고구마·해남김 &#39;맛남의 광장&#39;서 맛난 변신,2020.04.07,중도일보,None
http://www.topstarnews.net/news/articleView.html?idxno=757807,"모델 전수민, 김경진에 대한 무한애정…두 사람 첫만남은?",2020.04.07,톱스타뉴스,None
