,title,media,time
0,"&#39;아는 형님&#39; 종업식, 새삼 공격적인 형님들이 눈물 흘린 이유는?…&#39;교실 눈물 바다&#39;",톱스타뉴스,2020.01.01.
1,김희철 나이? &quot;고양이 고블린 볼 때마다 설리 생각나서 너무 힘들었다! 계속 울어&quot;,리서치페이퍼,2020.01.01.
2,"[단독] 김희철♥모모, 연인 사이! 우주최강 아이돌 커플은 &#39;열애중&#39;",마켓뉴스,2020.01.02.
3,김희철-모모 열애설 또 다시 불거져 “확인 중” [공식입장],스포츠동아,2020.01.02.
4,"[종합] &#39;라디오스타&#39; 650회, 페이커-김희철-김소현-정샘물 4인4색 토크 대방출! 세계 최고 프로게이머 페이커의 연봉은? ...&#39;금손&#39; 정샘물의 &#39;투명 메이크업&#39; 핵심 포인트 공개",톱스타뉴스,2020.01.02.
5,"&#39;라디오스타&#39; 김희철, &quot;악플 보지 말라는 말 무책임했다&quot; … 설리 하라 &quot;행복했으면&quot; [종합]",OSEN,2020.01.02.
6,"김희철 모모, &quot;두사람은 아니라는데&quot;...마켓뉴스 &quot;&#39;친한 선후배&#39;로 시작된 인연이지만, 지금은 &#39;연인&#39; 사이&quot; 주장[종합]",폴리뉴스,2020.01.02.
7,"정은지, &quot;내 이상형? 개그 코드 잘 맞는 사람&quot; 발언 재조명…&#39;엑스원 한승우와 열애설&#39;",톱스타뉴스,2020.01.02.
8,김희철·모모 또 다시 열애설?...양측 공식입장에 관심집중,국제신문,2020.01.02.
9,한·일 커플 탄생…두 번째 불거진 열애설 인정한 김희철·모모,국민일보,2020.01.02.
10,한·일 커플 탄생…두 번째 불거진 열애설 인정한 김희철·모모,국민일보,2020.01.02.
11,김희철-모모 두 번째 열애설... 양측 소속사 ‘확인 중’ [공식],한스경제,2020.01.02.
12,"김희철-모모, 5개월 만에 열애설 재점화",쿠키뉴스,2020.01.02.
13,모모 “김희철이 나 버리고 진세연으로 갈아탔다” 주장 무슨 일?,중도일보,2020.01.02.
14,"“모모 버리고 갈아탔다?”...김희철, 진세연과 무슨 사이길래?",브릿지경제,2020.01.02.
15,[어게인TV]엉뚱발랄 김소현→K뷰티 대모 정샘물…‘라스’ 신년 입담 폭발,헤럴드POP,2020.01.02.
16,트와이스 모모 “김희철이 나 버렸다” 무슨 일이길래?,시민일보,2020.01.02.
17,"&quot;구설수 막으려 차 팔았다&quot; 김희철, &#39;라스&#39;서 빛난 소신+입담 [콕TV]",TV리포트,2020.01.02.
18,"김희철 모모 열애설, 양 소속사 &quot;확인된바 없다&quot;",아시아경제,2020.01.02.
19,"김희철·모모, 두 번째 열애설…양측 소속사 &quot;확인 중&quot;",매일경제,2020.01.02.
20,"김희철♥모모, 새해 첫 공개커플 탄생 &quot;친한 선후배→최근 연인 발전&quot;[종합]",스포티비뉴스,2020.01.02.
21,"&quot;열애설이 &#39;열애&#39;로&quot;…김희철, 모모와 데뷔 16년 만 첫 공개 열애♥ [종합]",이데일리,2020.01.02.
22,김희철·모모 양측 열애 인정 &quot;호감 갖고 만나는 사이&quot;,노컷뉴스,2020.01.02.
23,"&#39;새해 첫 커플&#39; 김희철♥모모, 열애 부인→인정 &quot;최근 연인 발전&quot; [종합]",스포츠투데이,2020.01.02.
24,"김희철·모모, 2020년 첫 스타커플 탄생",뉴스토마토,2020.01.02.
25,"김희철♥모모, 2020년 첫 공개열애 커플…&quot;최근 연인관계로 발전&quot;[공식]",일간스포츠,2020.01.02.
26,"김희철·모모, 13살차이 韓日 커플 탄생… “호감 갖고 만나는중”",조선일보,2020.01.02.
27,"김희철-모모, 새해 첫 커플 &quot;호감 갖고 만나는 중&quot;",중앙일보,2020.01.02.
28,김희철♥모모 &quot;친한 선후배→최근 만나는 사이&quot;…우주 최강 커플 탄생 (전문)[종합],엑스포츠뉴스,2020.01.02.
29,김희철♥모모 열애 인정 &quot;호감 갖고 만나는 중&quot; [공식입장],매일경제,2020.01.02.
30,"공개연애 부정적이던 김희철, 모모와 ‘연애’ 인정",이데일리,2020.01.02.
31,[이슈IS] 일본 목격담부터 이상형 지목까지..김희철·모모 러브 시그널,일간스포츠,2020.01.02.
32,"김희철 모모, 나이 차 극복&quot;&#39;친한 선후배&#39;로 시작된 인연에서 지금은 &#39;연인&#39; 사이&quot;...디스패치가 아닌 마켓뉴스 [종합]",폴리뉴스,2020.01.02.
33,김희철♥모모 열애 인정 &quot;최근 호감을 갖고 만나는 사이&quot;…작년 열애설땐 부인하더니,이투데이,2020.01.02.
34,"&quot;모모가 이상형&quot;…김희철, 팬에서 연인으로 &#39;성덕&#39;",이데일리,2020.01.02.
35,"슈퍼주니어 김희철, 트와이스 모모와 데뷔 16년만에 첫 공개열애",브릿지경제,2020.01.02.
36,"김희철-모모, 열애인정…2020년 공식 첫 커플 탄생",매일경제,2020.01.02.
37,"김희철-모모 열애 인정, 13살 차 아이돌 커플 탄생 &quot;최근 호감&quot;",스포츠한국,2020.01.02.
38,"김희철♥모모, 새해 첫 공개열애…13살 차 슈퍼 아이돌 커플 탄생",조이뉴스24,2020.01.02.
39,슈주 김희철♥트와이스 모모…2020년 연예인 첫 커플,국제신문,2020.01.02.
40,"김희철♥모모, 13살 나이 차 극복한 새해 첫 공개 연인 [종합]",티브이데일리,2020.01.02.
41,"김희철♥모모 러브시그널, &#39;이때&#39;부터 감지됐다?",머니S,2020.01.02.
42,"김희철♥모모, 열애 인정 &quot;최근 서로에게 호감 갖고 만나&quot; [공식입장 전문]",스포츠조선,2020.01.02.
43,"김희철♥모모 &quot;호감 갖고 만나는 사이&quot;, 2020년 첫 공식 커플 탄생 [공식입장]",스포츠Q,2020.01.02.
44,김희철♥모모 열애 중…소속사 SM·JYP 인정 [공식입장],UPI뉴스,2020.01.02.
45,"김희철♥모모, 친한 선후배→13살차 아이돌 커플 탄생 [종합]",TV리포트,2020.01.02.
46,김희철♥모모 &quot;2020년 첫 스타커플&quot; 열애 공식 인정,아주경제,2020.01.02.
47,"김희철, 모모와 16년만 첫 공개 열애..이전에 밝힌 이상형은?",스타뉴스,2020.01.02.
48,"[종합IS] 김희철♥모모, 아이돌 커플 탄생..&quot;서로 호감 가지고 만나&quot;",일간스포츠,2020.01.02.
49,"김희철 모모 열애설 인정, 팬심 고백→커플 탄생 &quot;최근 호감&quot;",데일리한국,2020.01.02.
50,"&#39;열애설에서 연인으로&#39;…김희철♥모모, 아이돌 커플 대열 합류",스포츠서울,2020.01.02.
51,"슈퍼주니어 김희철·트와이스 모모, 13살 차 커플 탄생 &#39;열애 인정&#39;",스포츠W,2020.01.02.
52,"&#39;13살 나이 차 극복&#39; 모모♥김희철, 열애 인정…과거 목격담 보니",세계일보,2020.01.02.
53,&#39;모모 열애&#39; 결국 인정..김희철 &#39;아형&#39; 언급 주목[스타이슈],스타뉴스,2020.01.02.
54,"김희철♥모모 열애 인정, 2020년 첫 가요계 커플 &quot;최근 호감 갖고 만남 시작&quot; [공식입장]",한국경제,2020.01.02.
55,`아는형님` 전학생을 위한 많이봤상…?,경남데일리,2020.01.02.
56,"김희철♥모모, 13세 나이차 극복 &#39;아이돌 커플&#39; 탄생… &quot;최근 교제 시작&quot;",MBC연예,2020.01.02.
57,"&#39;♥모모&#39; 김희철, 진정 성공한 덕후",enews24,2020.01.02.
58,"새해 첫 스타커플 탄생, 김희철-모모 교제 공식인정",스포츠경향,2020.01.02.
59,김희철♥모모 13살 나이차·한일 국경 넘고 열애… 다정한 영상도 주목,뉴스웍스,2020.01.02.
60,"‘열애’ 김희철·모모, 과거 둘이 같이 찍은 사진 봤더니",스포츠W,2020.01.02.
61,"[Y이슈] 김희철♥모모, 한 차례 부인→경자년 첫 공개 열애 주인공(종합)",YTN,2020.01.02.
62,"이상형·MV·콘서트…김희철♥모모, 팬에서 공개 연인 되기까지",한국일보,2020.01.02.
63,"&quot;사실무근이라더니…&quot; 김희철♥모모, 열애설 6개월만에 인정",머니투데이,2020.01.02.
64,"김희철·모모, ♥시그널은 이때부터? 일본 목격담보니",더셀럽,2020.01.02.
65,"김희철♥모모, 2020년 첫 열애 인정…한승우·정은지 열애설 부인[종합]",스포츠서울,2020.01.02.
66,"슈퍼주니어 김희철-트와이스 모모, 두 번째 열애설 인정 (전문)",민중의소리,2020.01.02.
67,"[공식입장] 김희철♥트와이스 모모, 열애 인정 &quot;최근 호감 갖고 만나&quot;",서울경제,2020.01.02.
68,"다시 터진 김희철♥모모 열애설, 이번엔 공식 인정",CNB저널,2020.01.02.
69,"김희철-모모, 2020년 첫 연예인 커플 됐다...나이 차는?",시선뉴스,2020.01.02.
70,"김희철♥모모, 13세 나이차 극복한 첫 공개열애",일간스포츠,2020.01.02.
71,"&#39;이상형→13살차 커플&#39;…김희철♥모모, SNS 하트시그널 다시 보니 [MD이슈]",마이데일리,2020.01.02.
72,"김희철♥모모 열애 인정, 연예계 2020 새해 첫 커플 등극",글로벌이코노믹,2020.01.02.
73,"&#39;트와이스 모모 국적?&#39; 김희철-모모, 일본 목격담 &#39;재조명&#39;",이데일리,2020.01.02.
74,"김희철♥모모 인정→한승우·정은지 부인, 새해부터 뜨거운 아이돌 열애 [엑&#39;s 이슈]",엑스포츠뉴스,2020.01.02.
75,"&#39;공식열애&#39; 김희철, &#39;♥모모&#39;와 단둘이 커플 안경 인증샷 [셀럽샷]",더셀럽,2020.01.02.
76,"김희철-모모, 경자년 첫 공개열애 아이돌...한일 냉각기에 양국 선남선녀 커플 주목",업다운뉴스,2020.01.02.
77,"“사람이야, 선녀야?”…김희철♥모모, 두근두근 썸 기류",국민일보,2020.01.02.
78,김희철♥모모 열애인정…&quot;한일커플&quot;,내외뉴스통신,2020.01.02.
79,김희철♥모모 열애 인정 #새해 첫 공개 커플 #한일 #13살 차이(종합),MK스포츠,2020.01.02.
80,"김희철♥모모, 새해 첫 아이돌 커플 탄생...&quot;최근 호감 갖고 만남 시작&quot;",펜앤드마이크,2020.01.02.
81,"김희철♥모모 열애 인정, 13살차 韓日 아이돌 커플 탄생[종합]",매일경제,2020.01.02.
82,"&quot;&#39;열애설&#39;이 열애 된 사연&quot;…김희철♥모모, 2020년 첫 아이돌 커플[종합]",스포티비뉴스,2020.01.02.
83,새해부터 터진 한일 아이돌 열애...슈퍼주니어 김희철과 트와이스 모모 열애중,전북도민일보,2020.01.02.
84,"[종합] 김희철♥모모, 두 번의 열애설→인정…정은지·한승우 &#39;열애설 부인&#39;",스포츠조선,2020.01.02.
85,&#39;열애 인정&#39; 김희철♥모모의 애정 증거들? #손꼭잡고#교토목격#철벽방어,스포츠조선,2020.01.02.
86,"김희철♥모모, ‘13살 나이 차이’ 핑크빛으로 극복…경자년 1호 커플 (종합)",MBN,2020.01.02.
87,"&quot;데뷔 후 처음&quot; 최강창민X김희철, 연말·새해 장식한 2세대 아이돌 공개♥[SS초점]",스포츠서울,2020.01.02.
88,김희철♥모모 열애 인정…경자년 새해 첫 아이돌 커플 탄생,Queen,2020.01.02.
89,&quot;나한텐 이러면 안 되지&quot; 과거 모모랑 &#39;열애설&#39; 난 김희철에 폭풍 서운해했던 민경훈,인사이트,2020.01.02.
90,김희철♥모모 하트시그널? #교토·SM 사옥 방문 #여주 캐스팅 #이상형,스포츠투데이,2020.01.02.
91,"[종합]&quot;15년만 첫 공개열애&quot;…김희철♥모모, 13살→한·일 커플 &quot;이상형 최근 연인 발전&quot;",스포츠조선,2020.01.02.
92,"[이슈] 김희철♥모모, 두 번의 &#39;열애설&#39;→열애 인정…2020년 첫 아이돌 커플 탄생",스포츠월드,2020.01.02.
93,"&#39;2020 첫 열애 주인공&#39; 김희철♥모모, 이상형 발언 재조명",스포츠투데이,2020.01.02.
94,슈퍼주니어 김희철과 트와이스 모모가 열애를 인정했다,허프포스트코리아,2020.01.02.
95,‘김희철♥모모 열애’ 나연 발언 재조명 “난 알고 있어”[종합],서울신문,2020.01.02.
96,"[단독]김희철, 오늘(2일) `아는형님` 녹화…모모와 열애 소감 밝힐까",매일경제,2020.01.02.
97,"김희철♥모모, 13살차 한일 아이돌 커플 탄생",SR타임스,2020.01.02.
98,"“희철아, 나는 알고 있어” 트와이스 나연이 김희철을 보며 했던 2행시",위키트리,2020.01.02.
99,"첫 공개 열애 김희철, 트와이스 모모 와 13살 나이차·국적 초월",영남일보,2020.01.02.
100,김희철♥모모 &quot;최근 호감 가져&quot;... 열애 인정,시빅뉴스,2020.01.02.
101,"&quot;최근 연인으로 발전&quot;…김희철♥모모, 13살 연상연하 아이돌 커플 탄생 [종합]",엑스포츠뉴스,2020.01.02.
102,김희철-모모의 ‘러브 시그널’,VOGUE,2020.01.02.
103,"&quot;난 사실 알고 있어, 모모는♥&quot;···김희철, 모모 핵당황 시켰던 3년 전 나연의 2행시",인사이트,2020.01.02.
104,"김희철♥모모, 두번째 열애설만에 인정…일·사랑 다 잡았다[SS이슈]",스포츠서울,2020.01.02.
105,"[이슈종합] 김희철-모모, 두번의 열애설 만에 인정…트와이스 지효 이어 핑크빛 소식",톱스타뉴스,2020.01.02.
106,"&#39;아는형님&#39; 김영철, 멤버들의 칭찬해상 투표에 눈물샘 폭발...&quot;꿋꿋이 견뎌줘&quot;",경상일보,2020.01.02.
107,&#39;모모와 열애 인정&#39; 김희철 &quot;당분간 유튜브 쉰다...늘 죄송하고 감사&quot; [전문],스포츠조선,2020.01.02.
108,"`모모♥` 김희철 &quot;당분간 유튜브 쉰다, 죄송하고 감사&quot; [전문]",매일경제,2020.01.02.
109,"김희철, ♥︎모모와 열애 인정..&quot;유튜브 쉰다, 죄송하고 감사&quot; 심경(종합)[Oh!쎈 이슈]",OSEN,2020.01.02.
110,"‘모모♥’ 김희철, 개인 유튜브 쉬어간다 “늘 죄송하고 감사합니다”",한국일보,2020.01.02.
111,"&quot;전화번호 천 개&quot;…&#39;여사친 부자&#39; 김희철, 종착역은 모모",머니투데이,2020.01.02.
112,"김희철♥모모, 2번째 열애설에 공개 열애 인정…과거 방송서 의미심장한 모습도(종합)",아시아경제,2020.01.02.
113,"김희철, 모모에 &quot;사람이야 선녀야&quot;···심상치 않았던 과거 재조명",서울경제,2020.01.02.
114,"&#39;모모와 열애 인정&#39; 김희철, 유튜브 중단 &quot;늘 죄송하고 감사…나중에 다시 인사드릴 것&quot; [전문]",스포츠조선,2020.01.02.
115,"안영미 잡다 역습당하는 김구라, 밉지않은 ‘라스’ 톰과 제리[TV보고서]",뉴스엔,2020.01.02.
116,"&#39;아형&#39;, 김희철 배려할까…유튜브도 휴식[NC이슈]",뉴스컬처,2020.01.02.
117,김희철 열애 #데뷔16년만 #아는형님 #희튜브중단[종합],스타뉴스,2020.01.02.
118,"김희철♥모모, 데뷔 이래 첫 공개 열애…&#39;2020年 1호 연예계 커플&#39; [종합]",더셀럽,2020.01.02.
119,"김희철 “당분간 유튜브 쉰다, 늘 죄송하고 감사”",쿠키뉴스,2020.01.02.
120,"김희철, 모모와 열애 인정 후 첫 스케줄 &#39;아는형님&#39; 녹화…형님들과 어떤 말 오갈까",미디어펜,2020.01.02.
121,"&#39;아는 형님&#39;측 &quot;현재 녹화 중&quot;..김희철, 직접 ♥모모 열애 언급할까[Oh!쎈 이슈]",OSEN,2020.01.02.
122,"&#39;모모♥&#39; 김희철, 열애 공개 부담됐나…&quot;유튜브 당분간 휴식&quot;[종합]",스포티비뉴스,2020.01.02.
123,“일하는 곳에 김희철♥모모 왔어요”…과거 목격담 재조명,국민일보,2020.01.02.
124,"김희철♥모모, 13살차 한일커플 탄생 &#39;열애 인정&#39;",한강타임즈,2020.01.02.
125,"김희철·모모, 마침내 열애 인정…2020년 첫 아이돌 커플 탄생(종합)",뉴스토마토,2020.01.02.
126,&quot;올해 첫 커플 탄생&quot;...김희철·모모 향한 中언론[NC차이나],뉴스컬처,2020.01.02.
127,"&#39;모모♥&#39; 김희철, 오늘(2일) &#39;아는 형님&#39; 녹화…열애 소감 밝힐까",스포츠서울,2020.01.02.
128,김희철 모모와 열애 발표 후 유튜브 중단…2일 ‘아는형님’ 녹화에 관심 집중,국제신문,2020.01.02.
129,"&#39;모모♥&#39; 김희철, 공개 열애 선언→뜨거운 관심→유튜브 중단 [종합]",스포츠투데이,2020.01.02.
130,"&quot;죄송하고 감사&quot;..김희철, 유튜브 채널 `희튜브` 쉬어간다",디지털타임스,2020.01.02.
131,"김희철, ‘아는형님’서 모모 언급하나…기대감 증폭",디지털타임스,2020.01.02.
132,"김희철, 오늘(2일) &#39;아는형님&#39; 녹화…&#39;열애설 언급할까&#39;",텐아시아,2020.01.02.
133,"김희철-모모, 새해 첫 톱스타 커플",일요시사,2020.01.02.
134,"김희철♥모모 열애→현아♥던까지, 당당해서 예쁜 아이돌 커플",서울신문,2020.01.02.
135,"김희철, 모모와 열애 인정 후 유튜브 중단 “늘 죄송하고 감사”",민중의소리,2020.01.02.
136,“손잡았네” vs “억지다” 재평가된 &#39;김희철♥모모&#39; 과거 움짤 (영상),위키트리,2020.01.02.
137,"김희철, 오늘(2일) &#39;아는형님&#39; 녹화…모모 언급할까",YTN,2020.01.02.
138,"김희철, 모모와 열애인정 후 &#39;희튜브&#39; 중단선언 &quot;죄송하고 감사하다&quot;",일간스포츠,2020.01.02.
139,"&quot;공개 열애 부담?&quot;…김희철, ♥모모와 열애 인정→유튜브 잠정 중단 [종합]",스포츠조선,2020.01.02.
140,"김희철, 오늘(2일) &#39;아는 형님&#39; 녹화 참석…♥모모 관련 언급할까",마이데일리,2020.01.02.
141,"“사람이야 선녀야?” 김희철♥모모, ‘심쿵’ 모멘트 셋 [SSEN이슈]",서울신문,2020.01.02.
142,"&#39;모모의 연인&#39; 김희철, 돌연 유튜브 방송 중단 &quot;죄송하다&quot;…왜?",세계일보,2020.01.02.
143,김희철 &quot;유튜브 당분간 휴방...늘 죄송하고 감사해&quot;,더팩트,2020.01.02.
144,"김희철♥모모 열애 인정, 日 누리꾼 축하 &quot;아이돌 열애 인정 신기해&quot;",매일경제,2020.01.02.
145,"김희철, 방송 중 대놓고 모모 소속사 사장에게 떠봤던 걸까?",위키트리,2020.01.02.
146,"새해 첫 열애설 주인공 김희철, 모모와 교제 인정 후 유튜브 잠정 중단 선언",스포츠경향,2020.01.02.
147,"‘모모♥’ 김희철, 열애 인정→소통 중단 “죄송하고 감사”",서울신문,2020.01.02.
148,김희철♥모모 열애 인정→김희철 유튜브 휴식→응원 물결 [종합],티브이데일리,2020.01.02.
149,"&#39;모모♥&#39; 김희철, 오늘(2일) &#39;아는 형님&#39; 녹화…강호동 민경훈 등 반응 관심 집중",스포츠투데이,2020.01.02.
150,"김희철♥모모 열애, 13세차이 극복한 설렘모멘트→유튜브 중단 선언(종합)[Oh!쎈 레터]",OSEN,2020.01.02.
151,"&#39;13살 차이&#39; 김희철♥모모 공식 커플 탄생, 실검 장악→유튜브 잠정 중단 [종합]",엑스포츠뉴스,2020.01.02.
152,"[종합]&quot;늘 죄송해&quot; 김희철♥모모, 13살 차·국경 넘은 열애→유튜브 중단 선언",헤럴드POP,2020.01.02.
153,"김희철, 오늘(2일) &#39;아형&#39; 녹화에서 모모와의 열애에 대해 입 열까",위키트리,2020.01.02.
154,"[종합]우주대스타도 공개열애는 처음이라…김희철, ♥모모와 열애 인정→유튜브 잠정 중단",스포츠조선,2020.01.02.
155,"김희철♥모모, K팝 선후배 만남에 축하→해외에서도 주목[종합]",스포티비뉴스,2020.01.02.
156,&#39;13살 연하&#39; 모모 마음 빼앗은 &#39;우주대스타&#39; 김희철의 매력 포인트 6,인사이트,2020.01.02.
157,"김희철♥모모, 열애 인정 전 러브 시그널 눈길 &quot;제 이상형은…&quot;",티브이데일리,2020.01.02.
158,"&#39;모모♥&#39; 김희철, 열애인정 뒤 첫 녹화… &#39;아는형님&#39;서 연인 언급하나",머니S,2020.01.02.
159,"[TEN 이슈] &quot;韓日 들썩&quot;…김희철, 16년 만에 첫 열애 인정 &#39;트와이스 모모와 핑크빛 열애中&#39;",텐아시아,2020.01.02.
160,"김희철, 쿨한 열애인정→오늘 &#39;아는형님&#39; 녹화…&#39;♥모모&#39; 관련 입 열까?[종합]",스포츠조선,2020.01.02.
161,"김희철♥모모 열애 인정, 과거 썸 기류 살펴보니 “굉장히 예뻐”[결정적장면]",뉴스엔,2020.01.02.
162,"[이슈IS] 강다니엘♥지효→김희철♥모모, 트와이스 공개열애 2호커플",일간스포츠,2020.01.02.
163,[DA:피플] 김희철♥모모 열애 인정…트와이스 두 번째 공개 연애,스포츠동아,2020.01.02.
164,"[POP이슈]&quot;죄송하고 감사&quot; 김희철♥모모, 13살 차 韓日커플 탄생→유튜브 중단‥응원물결(종합)",헤럴드POP,2020.01.02.
165,"김희철, 오늘(2일) ‘아는 형님’ 녹화..공개연인 모모 언급할까",뉴스엔,2020.01.02.
166,"&#39;새해 1호 커플&#39; 김희철♥모모, &#39;아는형님&#39; 녹화→유튜브 중단까지…이슈ing[종합]",스포츠서울,2020.01.02.
167,"김희철♥모모, 2020년 첫 공개 연인은 13살차 한일 커플→유튜브 중단 &#39;응원 봇물&#39;(종합)",enews24,2020.01.02.
168,"김희철♥모모, 이상형에서 연인으로…러브시그널까지 재조명 [종합]",엑스포츠뉴스,2020.01.02.
169,"김희철♥모모 열애, 나연은 이미 알았다?",아주경제,2020.01.03.
170,"김희철 모모 열애, &#39;희튜브&#39; 잠정 중단…13살 나이차 새해 컷 커플 등극",글로벌이코노믹,2020.01.03.
171,"김희철♥모모 열애, 이틀째 관심 ing…“잘 어울리는 커플” 응원(종합)",MK스포츠,2020.01.03.
172,"새해 첫 커플 김희철♥모모, 공개연애에 식을줄 모르는 관심과 응원 이어져",국제신문,2020.01.03.
173,"김희철 모모 열애설, 민경훈은 알고 있었나? &quot;너한테 얘기해줄게~&quot;",조세금융신문,2020.01.03.
174,"김희철♥모모, 13세차+국적 뛰어넘은 K팝스타 열애…한일 팬들 축하 물결 [종합]",마이데일리,2020.01.03.
175,"[출근길] 김희철♥모모, 러브시그널 &quot;딱 걸렸어~&quot;",머니S,2020.01.03.
176,"김희철♥모모, 13살 나이차 뛰어넘은 韓日 커플…이틀째 관심ing [종합]",엑스포츠뉴스,2020.01.03.
177,"김희철♥모모, 지금은 맞고 그때는 틀리다?…열애설 2번 만에 인정[종합]",스포티비뉴스,2020.01.03.
178,"김희철♥모모 열애, 13살차 韓日커플→뜨거운 관심에 유튜브 잠정 중단[종합]",매일경제,2020.01.03.
179,"[종합] 김희철♥모모 열애인정 이틀째, 글로벌 응원물결→유튜브 중단",스포츠조선,2020.01.03.
180,"김희철♥모모, 이틀째 뜨거운 관심…유튜브 잠정 중단→응원 물결 [종합]",엑스포츠뉴스,2020.01.03.
181,"&quot;팬→열애&quot; 김희철♥모모, 13살차 뛰어넘은 韓日 커플..축하 쏟아지는 이유[종합]",OSEN,2020.01.03.
182,김희철 모모 열애… 나이 차이는?,천지일보,2020.01.03.
183,[스브스타] 과거 예능서 김희철 삐질까 봐 마음 졸였던(?) 모모,SBS,2020.01.03.
184,"[POP이슈]&quot;2번만 인정→유튜브 중단&quot;‥김희철♥모모 커플 탄생, 이틀째 韓日화제ing",헤럴드POP,2020.01.03.
185,"&#39;아는 형님&#39; SF9 로운, 잘생긴 김영철?… 투머치토커들의 욕설이 난무하는 대립 눈길",톱스타뉴스,2020.01.03.
186,"유재석·박진영→모모·지효, 2020 경자년 &#39;끼쟁이&#39; 쥐띠 ★들 [ST포커스]",스포츠투데이,2020.01.04.
187,“이제 보니...” 모모 앞에서 김영철 &#39;현실 당황&#39;하게 했던 김희철 행동 (영상),위키트리,2020.01.04.
188,"&#39;아는형님&#39; SF9 찬희 vs 로운, 김혜윤 두고 설전 &quot;문자 안 해&quot;[별별TV]",스타뉴스,2020.01.04.
189,"&#39;아는형님&#39; 김희철 &quot;김혜윤, 강호동이 제일 무서워하는 여자 연예인&quot;",마이데일리,2020.01.04.
190,"&#39;아는형님&#39; 김강훈, &quot;호동이 귀여운 척, &#39;왜 저러지?&#39; 하다 적응&quot;",텐아시아,2020.01.04.
191,&#39;아는형님&#39;김혜윤X김강훈X로운X찬희X보나…2020라이징스타 &#39;특집&#39;,헤럴드POP,2020.01.04.
192,"[예능 SCENE] ‘아는 형님’ 김강훈 “김영철, ‘철파엠’에선 말 잘 해”",더셀럽,2020.01.04.
193,"&#39;아는형님&#39; 김강훈 &quot;父 마흔 셋, 김희철과 6살 차이&quot; [TV캡처]",스포츠투데이,2020.01.04.
194,김강훈 “민서야 고마워” 영상편지까지 ‘볼 발그레’ (아는 형님),더셀럽,2020.01.04.
195,"&#39;아는형님&#39; 김강훈, 아이린 닮은 여친에 영상편지 &quot;민서야 고마워♥&quot; [Oh!쎈 리뷰]",OSEN,2020.01.04.
196,&#39;아는 형님&#39; 김혜윤 등장…&quot;강호동이 제일 무서워하는 女연예인&quot;,뉴스1,2020.01.04.
197,&#39;아는형님&#39; 김혜윤x로운 설레는 키 차이 &#39;30cm&#39;…&quot;연기 할 때 목 뻐근했다&quot;,헤럴드POP,2020.01.04.
198,"&#39;아는형님&#39; SF9 찬희 vs 로운, &#39;김혜윤&#39; 사이에 두고 &#39;연락&#39; 안 한다며 신경전",뉴스인사이드,2020.01.04.
199,&#39;아는형님&#39; 김강훈 &quot;연기학원 다닌 적 無…엄마한테 연기 배워&quot;,스포츠조선,2020.01.04.
200,"‘아는 형님’ 로운 “‘어하루’, 주연이라 안 한다고 했었다”",MK스포츠,2020.01.04.
201,"&#39;아는형님&#39; 로운X김혜윤→김강훈, 강호동 홀린 &#39;사랑둥이&#39;[★밤TView]",스타뉴스,2020.01.04.
202,"&#39;아는 형님&#39; 김강훈, 부모님 언급 &quot;父 마흔세 살, 母 연기 잘하신다&quot;",스포츠한국,2020.01.04.
203,"&#39;아는형님&#39; 김강훈→SF9 로운, #연기력 테스트 #여친 영상편지♥ #예능감↑ [종합]",OSEN,2020.01.04.
204,"[종합] `아는 형님` 김혜윤X김강훈XSF9 로운&amp;찬희X우주소녀 보나, 2020 라이징스타 나야 나",매일경제,2020.01.04.
205,"김혜윤 “로운과 키 차이 30cm, 연기하고 나면 목 아파”",국제신문,2020.01.04.
206,"[종합]&#39;아는형님&#39;김강훈, &#39;형편필무렵&#39; 부잣집아들 역할…&quot;한 번도 해본적 없다&quot;",헤럴드POP,2020.01.04.
207,"&#39;아는 형님&#39; 김혜윤X로운X찬희X김강훈X보나, 라이징★들의 핫한 입담 [종합]",엑스포츠뉴스,2020.01.04.
208,김강훈 &quot;부모님에게 연기 배워…김희철과 6살 차이 아버지&quot; ,톱스타뉴스,2020.01.04.
209,"&#39;아는 형님&#39; 김혜윤·로운·김강훈, 예능감도 &#39;라이징&#39;(종합)",뉴스1,2020.01.04.
210,"우주소녀 보나, 경제적 독립했다…&quot;작년에 처음 정산받아&quot;  ",톱스타뉴스,2020.01.04.
211,‘아는 형님’ 김혜윤 “로운이 사람 짜증 나게 하는” 폭소,국제신문,2020.01.05.
212,‘아는형님’ 김강훈 등장에 서장훈 “만화방 사줄게” 건물주 포스 뽐내,국제신문,2020.01.05.
213,"[RE:TV] &#39;아형&#39; 김강훈, 반장 여친 공개까지…사랑스러움 빛났다",뉴스1,2020.01.05.
214,"&#39;아는형님&#39; 김혜윤 &quot;로운, 사람 짜증 나게 해&quot; 장난기 폭발→형님들 &#39;역공&#39;",마이데일리,2020.01.05.
215,"[어게인TV]&#39;아는형님&#39; 연기돌 우주소녀 보나, 오디션 캐스팅 비화 공개…당찬 대구 여고생 역",헤럴드POP,2020.01.05.
216,"&quot;여친에 영상편지&quot;..&#39;아형&#39; 김강훈, 서장훈 쥐락펴락하는 11살 예능 신동 [어저께TV]",OSEN,2020.01.05.
217,"&#39;아는 형님&#39; 김강훈, 진정한 사랑둥이 #애청자 #여자친구 #부잣집 아들 [전일야화]",엑스포츠뉴스,2020.01.05.
218,김강훈 &#39;강하늘&#39; 존경하는 이유 &quot;무엇보다···&quot;,충청리뷰,2020.01.05.
219,“아무도 모르더라” 사실 NG였는데 방송에 나갔다는 &#39;SKY 캐슬&#39; 장면,위키트리,2020.01.05.
220,&#39;거인&#39; 서장훈 옆에서도 꿀리지 않는 &#39;키 191cm&#39; 로운의 독보적인 피지컬,인사이트,2020.01.05.
221,"김희철 모모 열애, 나이 차이? &quot;진세연으로 갈아타 속상했다&quot; 재조명",데일리시큐,2020.01.05.
222,"&#39;미우새&#39; 김희철, 신동 컴퓨터 분해에 멘붕.. 김종국→양세찬 축구장行 [종합]",OSEN,2020.01.05.
223,"&#39;아는형님&#39; 김강훈 &quot;&#39;동백꽃&#39; 강하늘, 진짜 착하고 잘생겼다&quot;",조이뉴스24,2020.01.06.
224,"&#39;미우새&#39; 김희철, 신동 PC해체에 &quot;전자과인 나도 못하는데..&quot;분노 [어저께TV]",OSEN,2020.01.06.
225,컴퓨터 분해 후 조립 실패한 신동에게 김희철이 보인 현실 반응,위키트리,2020.01.06.
226,"&#39;아는 형님&#39; 김혜윤, &#39;스카이캐슬&#39; 촬영 당시 렌즈빠져…로운에게 &quot;한 대 맞아라&quot;",톱스타뉴스,2020.01.06.
227,장성규X김희철X건희 &#39;이 조합 무슨 조합?&#39; 알고보니 83라인 동갑내기 친구!,뉴스인사이드,2020.01.06.
228,"&#39;아는 형님&#39; 김강훈, 사랑스러운 매력 &#39;뿜뿜&#39;",충청리뷰,2020.01.06.
229,"&#39;아는 형님&#39; 김혜윤, 김영철과 열애 연기 도중 깜짝 놀란 이유는? &#39;얼굴&#39;…재방송 기대UP",톱스타뉴스,2020.01.06.
230,김강훈 부모 왜 화제?… &quot;엄마한테 연기 배워&quot;,머니S,2020.01.07.
231,김강훈 부모 언급에 &#39;아는 형님&#39; 초토화 ?,영남일보,2020.01.07.
232,김강훈 부모님 누구? &quot;엄마에게 연기 배워&quot;,뉴스컬처,2020.01.07.
233,[종합] 아는형님 박진영 나연X다현 편 &quot;우리 사장님 잘 봐주세요♥&quot;,금강일보,2020.01.07.
234,‘철파엠’ 민경훈 “쥐띠스타 유재석과 친하냐고? 만난 적 없어…모모는”,MK스포츠,2020.01.08.
235,"민경훈 &quot;김영철, 첫인상 좋지 않았다&quot;",아주경제,2020.01.08.
236,"민경훈, ★ 친한 순? &quot;김영철&gt;김숙&gt;송은이&gt;모모=세정&gt;유재석&quot;",스타뉴스,2020.01.08.
237,민경훈 &quot;쥐띠스타 유재석·세정·모모? 잘 몰라…이상형은 신세경&quot;(`철파엠`),매일경제,2020.01.08.
238,&#39;철파엠&#39; 민경훈 &quot;유재석? 만난 적 없어&quot;…&quot;이상형은 신세경&quot;,한스경제,2020.01.08.
239,"&#39;철파엠&#39; 민경훈, 똑 부러지고 거침없는 쌈자씬 [종합]",스타뉴스,2020.01.08.
240,민경훈 &quot;구구단 세정 매력있다…이상형은 신세경&quot;,머니투데이,2020.01.08.
241,‘철파엠’ 민경훈 “이상형 신세경…모모는 잘 몰라”,쿠키뉴스,2020.01.08.
242,&#39;철파엠&#39; 민경훈 &quot;유재석보다 김영철과 더 친하다&quot;,아시아경제,2020.01.08.
243,"&#39;철파엠&#39; 민경훈 &quot;세정, 예쁘고 매력있어&quot; 이상형은 신세경",시선뉴스,2020.01.08.
244,"&#39;철파엠&#39; 민경훈, 변함없는 마음 &quot;이상형은 신세경&quot;…&#39;거침없는 쌈자신&#39;",톱스타뉴스,2020.01.08.
245,"민경훈 “구구단 세정, 예쁘고 매력있어…이상형은 신세경”",국민일보,2020.01.08.
246,&#39;철파엠&#39; 민경훈 &quot;세정 예쁘고 매력적...이상형은 신세경&quot;,뉴스컬처,2020.01.08.
247,"민경훈 “구구단 세정 예쁘고 매력적, 이상형은 신세경”",뉴스엔,2020.01.08.
248,‘철파엠’ 민경훈 “쥐띠인 ‘김희철의 그녀&#39; 모모와 잘 몰라..뮤비 함께 출연”[종합],OSEN,2020.01.08.
249,"[팝업★]&quot;세정? 예쁘고 매력적&quot;‥&#39;철파엠&#39; 민경훈, 솔직당당 의리의 &#39;쌈자신&#39;",헤럴드POP,2020.01.08.
250,민경훈 “구구단 세정 매력있어…하지만 이상형은 신세경”,스포츠월드,2020.01.08.
251,민경훈 &quot;이상형은 신세경...구구단 세정은 매력적&quot;,텐아시아,2020.01.08.
252,민경훈 &quot;구구단 세정 예뻐..이상형은 신세경&quot; 깜짝 고백,스포츠W,2020.01.08.
253,"민경훈, 과거 이상형은 신세경 아닌 트와이스(TWICE) 정연?…&quot;얼굴 빨개진 쌈자&quot;",톱스타뉴스,2020.01.08.
254,‘철파엠’ 버즈 민경훈 “연예인 중 이상형은 신세경”,스포츠경향,2020.01.08.
255,"&#39;철파엠&#39; 버즈 민경훈 &quot;이상형은 신세경..뮤비서는 모모, 김희철과 삼각관계&quot;",뉴스인사이드,2020.01.08.
256,민경훈이 열애 인정한 김희철♥모모에 보인 현실 반응,위키트리,2020.01.08.
257,"민경훈, 김희철♥트와이스 모모 언급…&quot;셋이서 삼각관계였는데&quot;",톱스타뉴스,2020.01.08.
258,김희철♥모모 열애 인정 &quot;서로 호감 가지고 만나고 있다&quot;,데일리스포츠한국,2020.01.09.
259,"[TV텐] 노아 박의 ‘헬로우 K엔터’ 김희철♥모모, 새해 첫 아이돌 커플 탄생",텐아시아,2020.01.09.
260,"&quot;서태지 본명과 유사&quot; 김희철, &#39;걸어서 하늘까지&#39; 장현철 기억 소환",비즈엔터,2020.01.10.
261,&#39;슈가맨3&#39; 장현철과 비슷한 &#39;서태지 본명&#39; 이은성과 나이차이는?,충청리뷰,2020.01.10.
262,"&#39;글루미 써티스&#39; 신용남, &#39;추노&#39; OST &#39;바꿔&#39;로 &#39;슈가맨3&#39;에 소환",비즈엔터,2020.01.10.
263,&#39;슈가맨3&#39; 장현철X양혜승X신용남 소환→시즌 최다불 기록(ft.유희열 100불)[종합],OSEN,2020.01.10.
264,"[종합] &#39;슈가맨3&#39; 유재석X하성운 벌칙무대, 글루미써티스 신용남 &quot;예능 BGM 그 곡&quot;",톱스타뉴스,2020.01.10.
265,"손담비 나이? &quot;김희철과 서로 &#39;내 남자&#39;, &#39;내 여자&#39;라고 부른다&quot; 이유 들어보니 &#39;헉&#39;",데일리시큐,2020.01.10.
266,&#39;희철이네신동한pc방&#39; 김희철 &quot;고사리 많이 먹어야겠다. 정력 너무 넘쳐&quot;,마이데일리,2020.01.11.
267,"&#39;슈가맨3&#39; 신용남, 유쾌한 입담+팔색조 매력 대방출 [TV온에어]",티브이데일리,2020.01.11.
268,"‘아는형님’ 안재홍 “서장훈, 농구대잔치 때부터 팬…봐서 신기해”",MBN,2020.01.11.
269,"&#39;아는형님&#39; 강소라x안재홍x전여빈x김성오, 영화 데뷔 일화 &#39;공개&#39;",헤럴드POP,2020.01.11.
270,"&#39;아는형님&#39; 안재홍, 서장훈에 팬심폭발 &quot;농구대잔치부터 팬&quot;",싱글리스트,2020.01.11.
271,"&#39;아형&#39; 강호동, 강소라 출연에 반색 &quot;과거 제수씨, &#39;강남매&#39;로도 불렸다&quot;",일간스포츠,2020.01.11.
272,"&#39;아는형님&#39; 강호동, 강소라 출연에 친분 강조..&quot;강남매이자 제수씨였다&quot;",뉴스인사이드,2020.01.11.
273,"김성오 &quot;편의점 알바생, 나보고 쓰러진 적 有&quot;(아는형님) [TV캡처]",스포츠투데이,2020.01.11.
274,&#39;아는형님&#39; 전여빈 &quot;나무늘보 역 심도 있는 멍때림을 하면 된다&quot;,비즈엔터,2020.01.11.
275,"[종합]&#39;아는형님&#39; 강소라, 써니 오디션 &quot;감독님 사진에 인사하는 연습했었다&quot;",헤럴드POP,2020.01.11.
276,"&#39;아는형님&#39; 강소라, 불타는 승부욕에 서장훈 당황 &quot;미안해 소라야&quot; [Oh!쎈 리뷰]",OSEN,2020.01.11.
277,"&#39;아는 형님&#39; 강소라·안재홍·전여빈·김성오, &#39;예.보.배&#39;의 &#39;빵&#39; 터지는 매력 [종합]",일간스포츠,2020.01.11.
278,"안재홍, &#39;족구왕&#39;이라더니 실상은 &#39;열정만 왕&#39;…&quot;돌려차기를 해도 아웃&quot;",톱스타뉴스,2020.01.11.
279,"&#39;아는 형님&#39; 강소라, 강호동 &#39;제수씨&#39; 발언에 &quot;내가 왜?&quot; 당황",톱스타뉴스,2020.01.12.
280,"[어게인TV]&#39;아는형님&#39; 안재홍, 바지 찢었다 &#39;깍뚜기 씹는 소리&#39;…&#39;허당미뿜뿜&#39;",헤럴드POP,2020.01.12.
281,"&#39;아는형님&#39; 안재홍, &quot;&#39;축알못&#39; 공통점으로 강하늘X옹성우 급 친해져&quot; [어저께TV]",OSEN,2020.01.12.
282,"[리뷰IS] &#39;아는형님&#39; 강소라→안재홍, &#39;해치지 않아&#39; 주역들의 선한 입담",일간스포츠,2020.01.12.
283,"“남자들끼리…“ 안재홍이 강하늘, 옹성우와 절친될 수밖에 없었던 이유",위키트리,2020.01.12.
284,김희철♥모모 나이차이? 13세 나이차도 극복한 2020년 첫 공개열애,대구일보,2020.01.12.
285,"강소라 승부욕, 짝 서장훈도 두손두발 &quot;무서워 죽겠어&quot;(&#39;아는형님&#39;)",데일리한국,2020.01.12.
286,"‘풍문쇼’ “김희철, 열애 전 SNS에 ♥모모 향한 비밀 메시지 있었다”",스포츠조선,2020.01.14.
287,"김희철, 공개열애 전 SNS에 여자친구 모모 향한 비밀 메시지 &#39;하트 시그널&#39;",톱스타뉴스,2020.01.14.
288,"김희철, 모모와의 열애설 후 재조명된 연애관 &quot;직업에 대한 책임감 필요해&quot;…누리꾼 &#39;응원 이유 있었네&#39;",톱스타뉴스,2020.01.15.
289,김혜윤 &quot;로운과 키차이로 목아프다&quot; 남자친구·열애설 날법했던 케미 화제,공감신문,2020.01.15.
290,&#39;풍문쇼&#39; 김희철X트와이스 모모의 열애 비화는?...&quot;SNS에 비밀 메시지 있었다&quot;,중도일보,2020.01.16.
291,"&#39;풍문쇼&#39; 김희철♥모모, 연애 조짐 있었다? &quot;오랫동안 호감 보여&quot;",뉴스컬처,2020.01.16.
292,&#39;풍문쇼&#39; 김희철X트와이스 모모 열애 들여다보니...&quot;심장 박동 수가 136회까지 치솟더라&quot;,화이트페이퍼,2020.01.17.
293,"[하이원서울가요대상 D-13]신동엽X김희철X조보아, 특급 MC 라인업 완성",스포츠서울,2020.01.17.
294,"김동준, 갓김치볶음 라면 맛에 &quot;아침이 항상 기다려진다&quot;…백주부 솜씨 감탄",톱스타뉴스,2020.01.17.
295,“수준이...” 공개되자마자 급상승 1위 찍은 &#39;소녀시대-김희철&#39; 동영상,위키트리,2020.01.17.
296,"&#39;아는 형님&#39; 소녀시대-김희철, SM 케미 어떻길래?…&#39;과거 영상 다시금 화제&#39;",톱스타뉴스,2020.01.17.
297,&#39;풍문쇼&#39; 김희철X트와이스 모모의 열애 들여다보니...&quot;SNS에 비밀 메시지 있었다&quot;,시민일보,2020.01.18.
298,&#39;아는 형님&#39; 배정남 &quot;김희철과 83년생 동갑&quot;…김영철 &quot;47세 나와 같은 줄&quot;,엑스포츠뉴스,2020.01.18.
299,"&#39;아는형님&#39; 배정남, 김희철과 83년생 동갑 &quot;노안 아냐...희철이 심하게 동안&quot;",싱글리스트,2020.01.18.
300,"‘아는형님’ 김영철, 배정남 나이 듣고 깜짝 “47세인 줄”",MK스포츠,2020.01.18.
301,&#39;아는 형님&#39; 배정남 &quot;최여진 집에서 잔 적도 있어&quot; 특급 고백 [Oh!쎈 리뷰],OSEN,2020.01.18.
302,"`아는 형님` 배정남, 김희철 동갑 사실부터 최여진 친분 계기까지 폭풍 공개",매일경제,2020.01.18.
303,"배정남·최여진·김희철 나이, 동갑내기 세 사람 ‘눈길’",티브이데일리,2020.01.18.
304,"배정남 “김희철, 나 좋아한다 오해…열애기사 보고 풀었다”[결정적장면]",뉴스엔,2020.01.18.
305,"&#39;아는 형님&#39; 배정남, 김희철♥모모 열애 간접 언급 &quot;행복하지?&quot;",OSEN,2020.01.18.
306,"&#39;아는형님&#39; 배정남 &quot;김희철 정체성 의심, 열애 기사 보고 오해 풀려&quot;",뉴스1,2020.01.18.
307,"&#39;아는 형님&#39; 배정남 &quot;김희철, 볼 뽀뽀에 성 정체성 의심···기사 보고 오해 풀려&quot;",텐아시아,2020.01.18.
308,배정남 &quot;김희철 모모 열애설 보고 정체성 의심 안해&quot;,충청리뷰,2020.01.18.
309,"최여진x배정남 나이,키에 쏠린 이목… 전학생인 그들은 누구?",금강일보,2020.01.18.
310,"[예능SCENE] &#39;아는형님&#39; 배정남, 키와 나이는? &quot;내가 노안이라&quot;",더셀럽,2020.01.18.
311,"배정남, “키 큰 애들 한번 두고 보자는 마음으로 운동 2시간씩 했다”",한국일보,2020.01.18.
312,[종합]&#39;아는 형님&#39; 최여진 &quot;배정남이 아버지 장례식때 옆에 있어줬다&quot;..&#39;찐우정&#39; 인증,헤럴드POP,2020.01.18.
313,"&#39;아는 형님&#39; 배정남X최여진, 속옷 광고도 함께 찍는 &#39;찐 우정&#39; [종합]",OSEN,2020.01.18.
314,"&#39;아는형님&#39; 배정남·최여진, 83년생 열정·끼 가득 &#39;찐우정&#39;(종합)",뉴스1,2020.01.18.
315,"배정남 최여진, 나이 동갑 친구들의 환상 케미",충청리뷰,2020.01.18.
316,"[종합] `아는 형님` 배정남X최여진, 20년 찐우정 드러내다... (여자)아이들 우기X수진X슈화, 취업 상담실 방문 성공적",매일경제,2020.01.18.
317,"&#39;아는 형님&#39; 배정남X최여진, 허물없는 20년 지기 우정 [종합]",일간스포츠,2020.01.18.
318,"배정남 닮은꼴, 싱크로율 100% 배우는?… 이수근x김희철 &#39;열광&#39;",부산일보,2020.01.18.
319,"배정남 &quot;과거 김희철 정체성 오해, &#39;모모♥&#39; 기사보고 해소&quot;(&#39;아는형님&#39;)",마이데일리,2020.01.19.
320,[어게인TV]&#39;아는 형님&#39; 배정남 &quot;김희철 볼 뽀뽀 받고 오해했다&quot;..예능 울렁증 극복,헤럴드POP,2020.01.19.
321,"&#39;아는형님&#39; 배정남X최여진, 이 텐션 무엇…83년생 20년 &#39;찐 우정&#39; [어저께TV]",OSEN,2020.01.19.
322,"&#39;아는 형님&#39; 배정남, 김희철 열애 간접 언급 &quot;볼뽀뽀에 오해, 행복하지?&quot; [전일야화]",엑스포츠뉴스,2020.01.19.
323,"&#39;아는 형님&#39; 배정남-최여진, 명불허전 &#39;실친&#39; 케미…슈화 &quot;&#39;런닝맨&#39; 가고 싶어요&quot; [종합]",OSEN,2020.01.19.
324,"&quot;김희철, 나 좋아하는 줄 알았다&quot;…배정남, &#39;♥모모&#39; 열애 기사로 오해 풀어",SBS funE,2020.01.19.
325,배정남 오해… 김희철 열애 간접언급,천지일보,2020.01.19.
326,"배정남 오해, 김희철♥모모 열애 기사 보고 성정체성 의심 풀어",부산일보,2020.01.19.
327,"‘아는형님’ 배정남, 김희철 열애 언급하며 오해 풀어 “행복하제?”",MTN,2020.01.19.
328,"김영철, 애숙이 누나 결혼에도 걸크러쉬? 게찜 식당 운영",환경일보,2020.01.19.
329,"&#39;미우새&#39; 이상민·김희철·김영철·김애숙, 울산 간장게장·양념게장·꽃게탕 맛집 위치는? 돌솥밥 별미!  [★픽]",톱스타뉴스,2020.01.19.
330,"&#39;미우새&#39;걸크러쉬 김영철 친누나 애숙씨, 이상민에&quot;빚 내가 같이 갚아줄까?&quot;",헤럴드POP,2020.01.19.
331,"김영철 누나, &#39;아는형님&#39;서 예능감 보인후 &#39;미우새&#39; 출연",폴리뉴스,2020.01.19.
332,김영철 친누나 울산 꽃게찜 토크 솔직 걸크러쉬 매력,국제신문,2020.01.19.
333,"&#39;아는형님&#39; 접수 김영철 누나, 이번엔 &#39;미우새&#39; 접수?",경상일보,2020.01.19.
334,“친구였는데…” 배정남이 열애설 터지기 전까지 김희철과 어색했던 이유,위키트리,2020.01.19.
335,"[종합]&#39;미우새&#39; 짠내 폭발 배우 음문석, 찬물로 샤워, 곰팡이 김치에 황치열, &#39;경악&#39;",헤럴드POP,2020.01.19.
336,[종합] ‘미운 우리 새끼’ 新 예능캐 등장 김영철 누나·변요한·음문석,국제신문,2020.01.20.
337,"&#39;모모♥&#39; 김희철, 과거 연애관 보니…팬들 향한 끝없는 배려에 &#39;응원 봇물&#39;",톱스타뉴스,2020.01.21.
338,배정남 &quot;강동원 행님 잘못..나는 내 주름이 좋다&quot; [★숏터뷰],스타뉴스,2020.01.21.
339,"[단독]최수영X진서연, &#39;아는 형님&#39; 뜬다…걸크러시 예능감 기대",조이뉴스24,2020.01.22.
340,"&#39;미우새&#39; 김희철·김영철·이상민, 울산 태화강 떼까마귀 진풍경에 압도!…탁재훈, 금연캠프 입소 [★픽]",톱스타뉴스,6일 전
341,"[종합] `미우새` 음문석, 짠함X화려함 극단 매력 보유한 매력 부자... 무대 흔들어놓다",매일경제,6일 전
342,"배정남, 최여진, 김희철 나이 서른여덟 동갑…김영철 &quot;나랑 동갑으로 봤다&quot;무리수",한국스포츠통신,5일 전
343,"[팝업★]&quot;연예인 깜냥 아닐지도&quot; 김희철, ♥모모 3년 열애 부인→죄책감 고백",헤럴드POP,3일 전
344,"&#39;모모와 열애&#39; 김희철, &quot;속상했을 팬들… 죄책감 들었다&quot; 처음 밝힌 심경",스포츠Q,3일 전
345,"김희철, ♥모모와 열애 심경 다 밝혔다…#조르 #죄책감 #솔로앨범 [종합]",한국경제,3일 전
346,"김희철, 모모 열애 심경 고백…“양쪽 팬들에게 미안하다”",CNB뉴스,3일 전
347,이상민이 방송서 정경호 얘기 꺼내자 수영이 보인 반응 (영상),위키트리,3일 전
348,"민경훈, 하위권 반란은 이런 것…배정남 &quot;이렇게 열심히 할 줄이야&quot;  ",톱스타뉴스,1일 전
